State,Crop,Season,Rainfall,Area,Production,Yield
Gujarat,Cotton,Kharif,975.4,864.4,2170.4,2.51
Karnataka,Mustard,Rabi,400.1,3289.4,5300.8,1.61
Rajasthan,Wheat,Rabi,702.7,134.6,804.5,5.98
Tripura,Rice,Kharif,1372.3,328.7,1823.8,5.55
West Bengal,Maize,Kharif,691.2,3433.5,16995.9,4.95
Himachal Pradesh,Groundnut,Kharif,505.3,2860.1,6260.0,2.19
Uttar Pradesh,Barley,Rabi,304.8,3089.0,8337.1,2.7
Haryana,Maize,Kharif,954.7,3346.4,11788.1,3.52
Arunachal Pradesh,Soybean,Kharif,683.2,4640.6,8880.2,1.91
Meghalaya,Mustard,Rabi,471.1,4809.7,8433.2,1.75
Rajasthan,Wheat,Rabi,638.9,1452.4,8158.9,5.62
Manipur,Rice,Kharif,914.1,2034.9,9045.0,4.44
Haryana,Mustard,Rabi,304.2,3069.2,4177.3,1.36
Jharkhand,Groundnut,Kharif,760.4,4265.2,11618.6,2.72
Kerala,Wheat,Rabi,483.4,2997.4,14210.3,4.74
Sikkim,Maize,Kharif,736.1,3594.9,15132.4,4.21
Andhra Pradesh,Sugarcane,Kharif,1317.4,2195.0,229372.4,104.5
Jharkhand,Maize,Kharif,515.7,1640.3,6103.6,3.72
Bihar,Sugarcane,Kharif,974.2,477.2,41781.8,87.56
Uttarakhand,Maize,Kharif,580.6,4059.8,18388.6,4.53
Tripura,Sugarcane,Kharif,1658.6,4490.8,425657.0,94.78
Gujarat,Rice,Kharif,1144.9,102.5,558.1,5.44
Madhya Pradesh,Barley,Rabi,391.4,3492.9,10454.5,2.99
Jharkhand,Mustard,Rabi,582.9,2642.1,4076.8,1.54
Himachal Pradesh,Cotton,Kharif,681.8,1495.7,4691.1,3.14
Mizoram,Rice,Kharif,1779.0,261.9,1153.6,4.4
Andhra Pradesh,Rice,Kharif,1115.6,1286.1,6122.1,4.76
Bihar,Groundnut,Kharif,804.6,3668.3,8000.9,2.18
Telangana,Sugarcane,Kharif,1395.5,4193.0,399887.0,95.37
West Bengal,Soybean,Kharif,878.3,1697.2,3892.2,2.29
Bihar,Maize,Kharif,855.6,4708.6,21459.7,4.56
Haryana,Groundnut,Kharif,874.7,1771.2,3316.6,1.87
Tripura,Wheat,Rabi,773.6,4104.4,21335.5,5.2
Tripura,Cotton,Kharif,764.8,556.2,1514.5,2.72
Kerala,Sugarcane,Kharif,1690.5,3657.2,313852.4,85.82
Assam,Cotton,Kharif,943.5,3246.0,8625.3,2.66
Karnataka,Rice,Kharif,1045.5,124.8,680.9,5.46
Maharashtra,Wheat,Rabi,620.0,4972.8,26580.4,5.35
Bihar,Rice,Kharif,916.3,3746.4,16571.0,4.42
Assam,Rice,Kharif,1177.3,2593.2,13563.7,5.23
Sikkim,Groundnut,Kharif,600.2,4539.9,10862.4,2.39
Uttarakhand,Wheat,Rabi,572.5,3377.7,18981.3,5.62
Andhra Pradesh,Sugarcane,Kharif,953.2,313.7,29011.7,92.49
Kerala,Sugarcane,Kharif,1671.8,4770.1,436617.0,91.53
Mizoram,Sugarcane,Kharif,1329.5,1035.5,108206.0,104.5
Andhra Pradesh,Maize,Kharif,584.7,4687.2,19060.5,4.07
Uttar Pradesh,Maize,Kharif,785.0,4399.1,17821.5,4.05
Mizoram,Mustard,Rabi,509.1,1861.5,3276.8,1.76
Jharkhand,Groundnut,Kharif,667.9,125.4,287.6,2.29
Bihar,Cotton,Kharif,825.0,3999.4,12340.2,3.09
Kerala,Maize,Kharif,669.0,276.1,1179.5,4.27
Tripura,Potato,Rabi,617.1,2995.1,83573.6,27.9
Sikkim,Rice,Kharif,933.6,2659.0,12751.6,4.8
Rajasthan,Sugarcane,Kharif,1203.0,1052.5,107479.7,102.12
Manipur,Maize,Kharif,818.7,1682.5,7838.1,4.66
Mizoram,Mustard,Rabi,381.2,484.4,821.8,1.7
Chhattisgarh,Potato,Rabi,785.1,949.1,25461.4,26.83
Andhra Pradesh,Wheat,Rabi,533.9,996.0,4837.0,4.86
Madhya Pradesh,Sugarcane,Kharif,1402.1,3677.2,341164.2,92.78
Assam,Potato,Rabi,542.4,170.5,5530.9,32.43
Maharashtra,Sugarcane,Kharif,803.6,2376.9,190454.9,80.13
Chhattisgarh,Groundnut,Kharif,519.2,4444.7,10353.2,2.33
Punjab,Potato,Rabi,650.3,898.4,26815.5,29.85
Telangana,Groundnut,Kharif,877.7,3218.4,7376.2,2.29
Punjab,Mustard,Rabi,503.2,4121.1,7339.4,1.78
Kerala,Maize,Kharif,910.2,1112.8,4678.3,4.2
Madhya Pradesh,Wheat,Rabi,463.6,1988.4,9609.9,4.83
Jharkhand,Potato,Rabi,536.2,2530.6,68017.1,26.88
Uttar Pradesh,Sugarcane,Kharif,1083.2,4841.1,498835.5,103.04
Bihar,Potato,Rabi,569.4,2922.0,87754.1,30.03
Assam,Cotton,Kharif,686.0,4306.2,13708.1,3.18
Mizoram,Groundnut,Kharif,800.3,605.3,1496.4,2.47
Mizoram,Rice,Kharif,1354.7,2007.1,12067.8,6.01
Kerala,Barley,Rabi,554.1,4788.3,14274.2,2.98
Punjab,Maize,Kharif,746.5,2813.1,11449.3,4.07
Rajasthan,Cotton,Kharif,973.1,656.0,1687.1,2.57
Rajasthan,Potato,Rabi,789.7,4846.4,141160.4,29.13
Himachal Pradesh,Potato,Rabi,734.8,4208.6,125839.9,29.9
Maharashtra,Mustard,Rabi,321.8,515.7,819.9,1.59
Odisha,Mustard,Rabi,412.3,4082.7,7041.8,1.72
Gujarat,Barley,Rabi,477.6,1952.1,6505.2,3.33
Gujarat,Potato,Rabi,762.5,2513.9,62487.8,24.86
Madhya Pradesh,Wheat,Rabi,614.0,2958.5,14976.5,5.06
Tripura,Rice,Kharif,974.6,2238.0,10801.7,4.83
Uttar Pradesh,Sugarcane,Kharif,747.7,3507.5,318349.8,90.76
Tripura,Wheat,Rabi,508.2,1543.0,7187.4,4.66
Andhra Pradesh,Sugarcane,Kharif,1466.6,4797.6,433496.6,90.36
Meghalaya,Mustard,Rabi,418.4,1744.7,2826.2,1.62
Uttar Pradesh,Cotton,Kharif,731.8,4874.5,13822.7,2.84
Uttarakhand,Soybean,Kharif,612.9,2114.9,3521.2,1.66
Madhya Pradesh,Maize,Kharif,911.3,2149.4,9870.6,4.59
Telangana,Wheat,Rabi,643.1,2115.2,11044.8,5.22
Sikkim,Rice,Kharif,1332.3,2025.6,12255.2,6.05
Uttarakhand,Rice,Kharif,1654.5,2132.6,10298.6,4.83
Andhra Pradesh,Sugarcane,Kharif,762.0,3868.0,349986.1,90.48
Chhattisgarh,Potato,Rabi,739.9,2307.7,58745.4,25.46
Maharashtra,Rice,Kharif,1758.6,3128.8,14960.6,4.78
West Bengal,Mustard,Rabi,306.7,2433.4,3365.2,1.38
Assam,Wheat,Rabi,748.3,2077.1,10573.6,5.09
Meghalaya,Groundnut,Kharif,802.1,3550.0,8567.9,2.41
Odisha,Groundnut,Kharif,554.5,2022.0,4033.1,1.99
Uttarakhand,Maize,Kharif,952.1,2618.5,9304.0,3.55
Telangana,Groundnut,Kharif,709.4,4226.2,11010.9,2.61
Mizoram,Cotton,Kharif,729.6,2513.8,8295.6,3.3
Madhya Pradesh,Maize,Kharif,768.6,3518.6,15039.8,4.27
Bihar,Mustard,Rabi,509.0,4384.2,7700.3,1.76
Uttarakhand,Wheat,Rabi,660.7,1803.3,9059.6,5.02
Sikkim,Sugarcane,Kharif,1303.6,1844.4,179433.1,97.29
Maharashtra,Wheat,Rabi,495.1,2457.6,11244.4,4.58
Sikkim,Mustard,Rabi,562.1,399.3,680.2,1.7
Uttar Pradesh,Cotton,Kharif,903.1,1915.3,5454.3,2.85
Sikkim,Potato,Rabi,704.0,3630.5,102267.9,28.17
Uttar Pradesh,Mustard,Rabi,339.9,249.3,413.1,1.66
Nagaland,Potato,Rabi,541.7,613.9,17867.8,29.11
Tamil Nadu,Sugarcane,Kharif,900.5,1780.3,155405.6,87.29
Tripura,Cotton,Kharif,677.6,2450.0,7481.5,3.05
Bihar,Soybean,Kharif,834.7,1490.5,3356.3,2.25
Goa,Cotton,Kharif,823.0,1844.9,5477.9,2.97
Madhya Pradesh,Soybean,Kharif,842.3,1014.2,2027.3,2.0
Telangana,Groundnut,Kharif,836.9,189.4,369.3,1.95
Chhattisgarh,Cotton,Kharif,998.6,126.0,332.8,2.64
Sikkim,Rice,Kharif,1341.7,4122.2,23954.9,5.81
Arunachal Pradesh,Mustard,Rabi,443.0,3707.6,7063.3,1.91
Kerala,Rice,Kharif,1449.6,2948.1,15437.1,5.24
Karnataka,Cotton,Kharif,660.3,2788.2,8117.5,2.91
Jharkhand,Wheat,Rabi,562.8,1347.7,7380.9,5.48
Chhattisgarh,Barley,Rabi,528.1,1809.5,5700.8,3.15
Mizoram,Sugarcane,Kharif,1613.7,709.1,68406.0,96.47
Telangana,Barley,Rabi,361.5,335.7,1052.3,3.13
Haryana,Barley,Rabi,525.2,4143.2,14723.0,3.55
Chhattisgarh,Sugarcane,Kharif,959.3,2982.7,276763.8,92.79
Nagaland,Mustard,Rabi,435.6,4508.4,8630.7,1.91
Goa,Rice,Kharif,1572.8,1981.1,10366.6,5.23
Maharashtra,Sugarcane,Kharif,1697.1,672.8,58532.2,87.0
Goa,Maize,Kharif,813.9,3138.4,13453.9,4.29
Punjab,Groundnut,Kharif,729.3,3786.8,10413.6,2.75
Chhattisgarh,Groundnut,Kharif,557.3,3797.7,7736.9,2.04
Sikkim,Soybean,Kharif,814.6,2339.3,5230.4,2.24
Punjab,Mustard,Rabi,450.7,3882.2,6615.3,1.7
Uttarakhand,Maize,Kharif,847.0,1333.8,5794.4,4.34
Chhattisgarh,Cotton,Kharif,590.8,2363.8,6713.4,2.84
Maharashtra,Potato,Rabi,634.5,3096.1,95183.5,30.74
Manipur,Mustard,Rabi,561.6,4620.2,8317.2,1.8
Haryana,Potato,Rabi,708.5,437.7,12110.0,27.67
Odisha,Mustard,Rabi,552.1,911.1,1583.3,1.74
Bihar,Soybean,Kharif,935.0,1626.1,2989.9,1.84
Odisha,Mustard,Rabi,482.4,3960.2,6696.4,1.69
Uttar Pradesh,Barley,Rabi,334.3,4331.2,13105.2,3.03
Goa,Wheat,Rabi,613.0,260.9,1432.0,5.49
Uttarakhand,Maize,Kharif,624.1,911.0,3999.3,4.39
Rajasthan,Mustard,Rabi,393.4,1142.1,2066.6,1.81
Mizoram,Groundnut,Kharif,890.2,2830.8,5493.1,1.94
Sikkim,Mustard,Rabi,450.7,1128.5,2078.6,1.84
Odisha,Rice,Kharif,932.9,2867.7,12946.1,4.51
Nagaland,Rice,Kharif,1598.0,2063.7,9793.9,4.75
Goa,Maize,Kharif,577.6,4322.7,16538.0,3.83
Gujarat,Maize,Kharif,686.7,224.4,914.4,4.07
West Bengal,Wheat,Rabi,753.4,2803.4,13916.6,4.96
Assam,Mustard,Rabi,358.8,2890.3,4510.1,1.56
Odisha,Rice,Kharif,1401.0,4046.0,23850.2,5.89
Telangana,Mustard,Rabi,542.1,525.9,913.5,1.74
Jharkhand,Groundnut,Kharif,794.4,701.6,1755.2,2.5
Odisha,Cotton,Kharif,821.5,1745.7,5404.6,3.1
Arunachal Pradesh,Maize,Kharif,795.1,3158.3,13550.3,4.29
Goa,Barley,Rabi,430.8,4019.3,13630.8,3.39
Mizoram,Wheat,Rabi,457.9,2754.0,11695.1,4.25
Madhya Pradesh,Barley,Rabi,377.4,1434.3,4178.4,2.91
Karnataka,Soybean,Kharif,965.7,2924.9,4882.9,1.67
Goa,Wheat,Rabi,644.0,153.9,865.9,5.63
Rajasthan,Barley,Rabi,379.9,1328.6,4706.0,3.54
Madhya Pradesh,Barley,Rabi,448.3,3877.5,13709.1,3.54
Maharashtra,Wheat,Rabi,508.2,505.7,2721.6,5.38
Bihar,Maize,Kharif,622.7,3623.3,14577.1,4.02
Gujarat,Mustard,Rabi,469.9,3352.0,5770.9,1.72
Sikkim,Soybean,Kharif,893.0,2532.2,4805.3,1.9
Madhya Pradesh,Wheat,Rabi,668.2,1787.5,9654.3,5.4
Haryana,Rice,Kharif,1271.5,472.1,2650.6,5.61
Nagaland,Sugarcane,Kharif,702.6,125.7,11757.4,93.5
Kerala,Maize,Kharif,657.3,524.9,2464.0,4.69
Meghalaya,Mustard,Rabi,527.5,3819.3,6945.1,1.82
Chhattisgarh,Soybean,Kharif,854.9,3496.6,8452.2,2.42
Himachal Pradesh,Potato,Rabi,415.8,4633.7,124998.5,26.98
Tamil Nadu,Potato,Rabi,627.2,4858.2,160320.1,33.0
Tamil Nadu,Wheat,Rabi,710.8,2330.2,10755.1,4.62
Uttarakhand,Potato,Rabi,657.8,2457.2,76310.7,31.06
Assam,Sugarcane,Kharif,1283.3,2082.0,188153.2,90.37
Gujarat,Mustard,Rabi,461.8,4441.3,8739.3,1.97
Jharkhand,Wheat,Rabi,458.5,204.2,965.7,4.73
Tamil Nadu,Wheat,Rabi,778.7,2451.4,12010.4,4.9
Tripura,Mustard,Rabi,381.5,549.3,946.5,1.72
Gujarat,Cotton,Kharif,868.8,1507.5,3963.5,2.63
Bihar,Wheat,Rabi,531.8,187.6,840.8,4.48
Maharashtra,Barley,Rabi,332.8,2983.9,8636.8,2.89
Gujarat,Mustard,Rabi,565.3,4528.2,7330.3,1.62
Arunachal Pradesh,Barley,Rabi,523.0,1229.8,3746.7,3.05
Odisha,Potato,Rabi,418.8,280.0,6861.9,24.51
Uttar Pradesh,Maize,Kharif,913.1,2639.5,11185.9,4.24
Punjab,Potato,Rabi,610.0,2624.7,75069.0,28.6
Nagaland,Rice,Kharif,1038.5,2731.2,14238.2,5.21
Himachal Pradesh,Cotton,Kharif,790.0,4399.6,11600.8,2.64
Assam,Barley,Rabi,313.3,4664.8,14558.5,3.12
Karnataka,Wheat,Rabi,593.0,1372.8,7229.7,5.27
Chhattisgarh,Potato,Rabi,613.0,4541.9,149883.3,33.0
Assam,Mustard,Rabi,498.6,4336.0,7863.4,1.81
Andhra Pradesh,Soybean,Kharif,808.5,886.0,2088.6,2.36
Madhya Pradesh,Barley,Rabi,579.0,3525.1,9248.0,2.62
West Bengal,Groundnut,Kharif,852.7,125.2,307.9,2.46
Karnataka,Sugarcane,Kharif,1517.9,4108.0,342764.7,83.44
Maharashtra,Groundnut,Kharif,577.3,667.6,1389.7,2.08
Arunachal Pradesh,Mustard,Rabi,545.6,1488.4,2069.9,1.39
Gujarat,Potato,Rabi,572.9,3793.1,119884.5,31.61
Sikkim,Cotton,Kharif,586.9,4741.8,13446.7,2.84
Mizoram,Soybean,Kharif,883.4,3273.1,6708.8,2.05
Punjab,Groundnut,Kharif,526.3,1922.0,4511.1,2.35
Odisha,Potato,Rabi,400.4,600.7,13832.7,23.03
Himachal Pradesh,Groundnut,Kharif,710.8,1562.0,4202.8,2.69
Arunachal Pradesh,Cotton,Kharif,827.3,2156.7,6066.3,2.81
Uttarakhand,Cotton,Kharif,698.8,4921.5,13774.5,2.8
Andhra Pradesh,Potato,Rabi,757.6,4335.4,103702.6,23.92
Meghalaya,Mustard,Rabi,347.8,546.7,844.6,1.54
Haryana,Wheat,Rabi,716.4,4003.0,21366.6,5.34
Tripura,Groundnut,Kharif,550.1,2208.5,5096.3,2.31
Goa,Barley,Rabi,348.2,2222.9,7369.3,3.32
Madhya Pradesh,Rice,Kharif,910.5,2023.2,7686.4,3.8
Maharashtra,Soybean,Kharif,716.7,294.1,651.5,2.21
Sikkim,Maize,Kharif,552.5,4934.6,18263.3,3.7
Manipur,Soybean,Kharif,847.3,1699.7,3838.8,2.26
Arunachal Pradesh,Rice,Kharif,979.1,262.7,1195.8,4.55
Punjab,Potato,Rabi,558.8,4022.9,113357.5,28.18
Arunachal Pradesh,Potato,Rabi,467.0,3218.5,80831.7,25.11
Assam,Soybean,Kharif,837.9,4682.5,10080.8,2.15
Haryana,Wheat,Rabi,668.9,3100.1,18257.1,5.89
Gujarat,Cotton,Kharif,776.5,299.7,915.2,3.05
West Bengal,Potato,Rabi,575.4,3007.1,97465.9,32.41
Kerala,Barley,Rabi,561.5,3327.7,9648.9,2.9
Odisha,Wheat,Rabi,457.3,1728.3,7935.1,4.59
Telangana,Barley,Rabi,448.0,2150.2,6533.8,3.04
Manipur,Rice,Kharif,1656.4,4807.8,21625.9,4.5
Uttar Pradesh,Mustard,Rabi,427.6,3653.8,6044.5,1.65
Bihar,Wheat,Rabi,659.2,3309.5,20022.8,6.05
Odisha,Maize,Kharif,641.9,4196.4,17155.3,4.09
Andhra Pradesh,Maize,Kharif,888.0,3049.1,11768.9,3.86
Jharkhand,Wheat,Rabi,513.3,4366.7,22841.9,5.23
Manipur,Mustard,Rabi,473.8,566.8,1051.5,1.86
Mizoram,Barley,Rabi,590.8,3890.0,10046.6,2.58
Telangana,Cotton,Kharif,984.9,1256.6,3107.1,2.47
Assam,Soybean,Kharif,667.9,2211.3,4463.2,2.02
Punjab,Mustard,Rabi,485.1,918.5,1689.8,1.84
Punjab,Barley,Rabi,481.7,3556.4,12310.0,3.46
Telangana,Soybean,Kharif,682.3,1421.8,2593.3,1.82
Arunachal Pradesh,Barley,Rabi,459.4,1649.2,6349.3,3.85
Mizoram,Maize,Kharif,520.8,4934.5,16770.0,3.4
Telangana,Wheat,Rabi,563.1,2656.5,15297.2,5.76
Tamil Nadu,Soybean,Kharif,655.9,1608.9,2773.6,1.72
Meghalaya,Wheat,Rabi,520.6,4353.9,22628.5,5.2
Sikkim,Wheat,Rabi,681.6,1934.1,11701.0,6.05
Nagaland,Wheat,Rabi,666.2,4661.6,27286.7,5.85
Maharashtra,Cotton,Kharif,838.3,3328.5,9019.6,2.71
Rajasthan,Sugarcane,Kharif,1334.9,1658.7,152089.3,91.69
Andhra Pradesh,Barley,Rabi,598.0,543.4,1563.8,2.88
Himachal Pradesh,Cotton,Kharif,825.3,4516.7,14035.0,3.11
Madhya Pradesh,Barley,Rabi,395.2,1940.8,7269.7,3.75
Sikkim,Groundnut,Kharif,502.3,3507.8,6355.9,1.81
West Bengal,Barley,Rabi,478.9,2277.7,7684.1,3.37
Goa,Potato,Rabi,634.8,2552.2,71944.8,28.19
Rajasthan,Potato,Rabi,780.6,4579.8,128135.8,27.98
Uttar Pradesh,Barley,Rabi,414.1,3078.7,10614.4,3.45
Meghalaya,Groundnut,Kharif,825.2,4782.1,12074.5,2.52
Madhya Pradesh,Sugarcane,Kharif,915.4,1293.1,102973.7,79.64
Karnataka,Maize,Kharif,530.1,1823.0,7645.9,4.19
Arunachal Pradesh,Cotton,Kharif,628.4,2741.9,7525.4,2.74
Meghalaya,Potato,Rabi,644.1,1435.9,44293.4,30.85
Bihar,Potato,Rabi,448.8,2673.3,64196.1,24.01
Gujarat,Mustard,Rabi,538.0,4597.0,7097.6,1.54
Punjab,Cotton,Kharif,543.5,650.3,1791.7,2.76
Madhya Pradesh,Groundnut,Kharif,755.2,3008.3,6986.5,2.32
Uttar Pradesh,Barley,Rabi,494.0,3872.7,12458.0,3.22
Mizoram,Potato,Rabi,502.3,3686.6,99478.0,26.98
Bihar,Groundnut,Kharif,767.0,2974.4,6368.9,2.14
Manipur,Rice,Kharif,1563.2,1162.0,6887.0,5.93
Mizoram,Soybean,Kharif,609.5,1236.5,2285.6,1.85
Maharashtra,Barley,Rabi,449.0,768.6,2958.9,3.85
Rajasthan,Wheat,Rabi,591.5,4957.2,27139.4,5.47
West Bengal,Maize,Kharif,801.6,4537.1,19915.6,4.39
Madhya Pradesh,Cotton,Kharif,542.8,1210.6,3297.3,2.72
Himachal Pradesh,Groundnut,Kharif,527.8,431.3,874.4,2.03
Chhattisgarh,Sugarcane,Kharif,998.3,2338.6,214516.3,91.73
Sikkim,Soybean,Kharif,620.9,1878.4,3323.9,1.77
Assam,Wheat,Rabi,606.2,4812.2,24862.6,5.17
Manipur,Barley,Rabi,351.1,2171.2,6716.3,3.09
Tamil Nadu,Rice,Kharif,1170.8,687.2,3866.8,5.63
Odisha,Mustard,Rabi,306.0,3866.1,5759.7,1.49
Andhra Pradesh,Barley,Rabi,501.5,4337.0,13579.6,3.13
Rajasthan,Soybean,Kharif,663.7,676.5,1148.1,1.7
Tamil Nadu,Wheat,Rabi,569.6,2597.6,13168.4,5.07
Assam,Cotton,Kharif,639.9,4379.3,13585.6,3.1
Goa,Maize,Kharif,893.1,2555.6,10315.0,4.04
Mizoram,Potato,Rabi,615.9,3404.1,107599.5,31.61
Jharkhand,Soybean,Kharif,656.5,212.2,371.5,1.75
Uttarakhand,Wheat,Rabi,528.3,2907.9,16861.8,5.8
Jharkhand,Barley,Rabi,472.5,782.1,2765.2,3.54
Meghalaya,Soybean,Kharif,931.7,4768.7,8485.5,1.78
Goa,Barley,Rabi,499.9,1239.5,3930.6,3.17
Madhya Pradesh,Cotton,Kharif,719.8,3240.0,7975.5,2.46
Karnataka,Wheat,Rabi,677.6,4974.8,24127.7,4.85
Telangana,Barley,Rabi,429.1,465.7,1491.4,3.2
West Bengal,Maize,Kharif,588.9,1221.6,5397.3,4.42
Chhattisgarh,Groundnut,Kharif,588.3,3313.0,7309.4,2.21
Goa,Groundnut,Kharif,789.7,1835.8,4847.8,2.64
Uttarakhand,Soybean,Kharif,931.0,3869.6,7767.4,2.01
Tamil Nadu,Wheat,Rabi,496.8,3436.8,16548.3,4.82
Telangana,Groundnut,Kharif,747.6,4188.1,10220.9,2.44
Madhya Pradesh,Sugarcane,Kharif,918.7,1402.7,111574.0,79.54
Karnataka,Sugarcane,Kharif,1628.8,2492.4,195079.9,78.27
Bihar,Wheat,Rabi,563.6,2032.9,10913.5,5.37
Goa,Potato,Rabi,714.0,4781.1,145103.5,30.35
Mizoram,Mustard,Rabi,394.6,4220.3,7357.4,1.74
Uttar Pradesh,Mustard,Rabi,438.4,3330.8,6123.3,1.84
Uttarakhand,Soybean,Kharif,854.7,835.8,1851.3,2.21
Kerala,Rice,Kharif,1298.9,286.3,1373.5,4.8
Tamil Nadu,Rice,Kharif,964.9,1553.0,6351.8,4.09
Karnataka,Cotton,Kharif,887.3,1007.5,2997.2,2.98
Karnataka,Potato,Rabi,439.4,202.6,5430.9,26.8
Meghalaya,Rice,Kharif,1165.9,3160.9,18117.9,5.73
Arunachal Pradesh,Wheat,Rabi,453.6,4803.1,20038.9,4.17
Tamil Nadu,Wheat,Rabi,562.8,2424.2,11738.3,4.84
Arunachal Pradesh,Soybean,Kharif,794.4,867.5,2099.4,2.42
Jharkhand,Rice,Kharif,1735.3,1923.6,8479.4,4.41
Uttarakhand,Potato,Rabi,645.2,1067.6,34726.8,32.53
Maharashtra,Rice,Kharif,1481.2,4098.1,20786.0,5.07
Tamil Nadu,Groundnut,Kharif,838.6,2356.6,5854.6,2.48
Haryana,Mustard,Rabi,467.3,363.9,589.6,1.62
Sikkim,Soybean,Kharif,993.9,4107.1,7907.2,1.93
Manipur,Maize,Kharif,575.3,2125.7,8068.3,3.8
Chhattisgarh,Rice,Kharif,1357.5,4379.3,23866.1,5.45
Manipur,Barley,Rabi,528.3,2361.6,7214.0,3.05
Meghalaya,Mustard,Rabi,374.0,1099.8,2012.0,1.83
Jharkhand,Sugarcane,Kharif,1506.4,1021.3,95170.0,93.18
Himachal Pradesh,Barley,Rabi,466.3,4794.6,14443.2,3.01
Tripura,Cotton,Kharif,663.5,1597.5,4326.6,2.71
Telangana,Maize,Kharif,998.2,4442.4,16311.8,3.67
Assam,Potato,Rabi,556.6,3508.5,101140.7,28.83
Rajasthan,Potato,Rabi,647.8,3247.4,91787.4,28.26
Telangana,Sugarcane,Kharif,1338.0,2847.2,284825.8,100.04
Telangana,Wheat,Rabi,659.8,3507.5,19159.1,5.46
Kerala,Potato,Rabi,683.1,2634.6,82004.3,31.13
Meghalaya,Cotton,Kharif,561.2,406.5,1096.5,2.7
West Bengal,Barley,Rabi,579.9,2164.1,6337.1,2.93
Bihar,Cotton,Kharif,892.8,1980.8,5124.3,2.59
Himachal Pradesh,Potato,Rabi,635.1,1875.0,51293.3,27.36
Nagaland,Maize,Kharif,513.1,2638.6,8455.7,3.2
Madhya Pradesh,Maize,Kharif,970.3,2205.3,8004.1,3.63
Odisha,Sugarcane,Kharif,1626.1,2466.5,198789.6,80.59
Goa,Potato,Rabi,432.2,2532.7,71489.7,28.23
Andhra Pradesh,Mustard,Rabi,518.9,763.2,1393.4,1.83
Punjab,Mustard,Rabi,441.6,1485.5,2287.8,1.54
Jharkhand,Soybean,Kharif,704.7,1432.6,2761.2,1.93
Sikkim,Potato,Rabi,737.9,866.3,22395.3,25.85
Bihar,Mustard,Rabi,314.0,1644.4,2334.2,1.42
Uttarakhand,Groundnut,Kharif,534.6,3689.0,7454.1,2.02
Karnataka,Cotton,Kharif,564.0,3959.8,11602.4,2.93
Maharashtra,Barley,Rabi,448.3,810.3,3119.8,3.85
Tamil Nadu,Potato,Rabi,476.5,4840.0,129574.8,26.77
Himachal Pradesh,Rice,Kharif,1036.1,1329.7,6085.9,4.58
Gujarat,Soybean,Kharif,824.5,3568.4,7802.1,2.19
Mizoram,Wheat,Rabi,478.6,2475.0,11556.7,4.67
Rajasthan,Sugarcane,Kharif,1740.3,2117.7,189236.0,89.36
Gujarat,Soybean,Kharif,716.2,648.5,1525.1,2.35
Uttarakhand,Potato,Rabi,791.2,4373.5,111414.6,25.48
Uttar Pradesh,Cotton,Kharif,878.4,1103.9,3103.5,2.81
Rajasthan,Soybean,Kharif,664.6,3778.6,6926.1,1.83
Mizoram,Wheat,Rabi,472.8,4555.2,21318.9,4.68
Andhra Pradesh,Potato,Rabi,599.1,1964.1,54566.1,27.78
Odisha,Sugarcane,Kharif,1760.9,2664.3,205734.1,77.22
Telangana,Barley,Rabi,473.3,4583.9,16297.2,3.56
Haryana,Wheat,Rabi,505.3,3987.0,21220.6,5.32
Gujarat,Maize,Kharif,681.6,3030.8,14674.8,4.84
Tamil Nadu,Mustard,Rabi,568.2,845.3,1297.6,1.54
Bihar,Soybean,Kharif,987.1,1666.4,3195.6,1.92
Andhra Pradesh,Groundnut,Kharif,549.0,1682.8,3783.9,2.25
West Bengal,Soybean,Kharif,991.9,555.8,1009.7,1.82
Bihar,Barley,Rabi,546.9,1957.2,5635.8,2.88
Assam,Barley,Rabi,545.7,2408.7,7513.8,3.12
Manipur,Barley,Rabi,407.3,4158.4,14620.2,3.52
West Bengal,Potato,Rabi,497.7,2158.6,55835.4,25.87
Arunachal Pradesh,Barley,Rabi,521.9,3107.5,9397.6,3.02
Tamil Nadu,Soybean,Kharif,895.2,252.5,553.1,2.19
Meghalaya,Wheat,Rabi,563.8,441.2,2497.4,5.66
Gujarat,Soybean,Kharif,942.3,3250.1,5732.7,1.76
Bihar,Potato,Rabi,605.1,1142.0,33186.1,29.06
Assam,Barley,Rabi,391.2,3358.4,11921.0,3.55
Nagaland,Maize,Kharif,953.6,2846.2,11631.5,4.09
Uttarakhand,Wheat,Rabi,606.5,1964.0,10703.2,5.45
Maharashtra,Cotton,Kharif,509.0,233.2,565.4,2.43
Goa,Groundnut,Kharif,551.0,4910.8,11446.5,2.33
Maharashtra,Barley,Rabi,391.4,1479.5,5436.8,3.67
Manipur,Cotton,Kharif,556.3,1285.3,3391.7,2.64
Andhra Pradesh,Mustard,Rabi,385.1,463.8,857.9,1.85
Himachal Pradesh,Barley,Rabi,314.4,3006.8,9636.8,3.21
Himachal Pradesh,Mustard,Rabi,355.6,1273.6,1907.9,1.5
Mizoram,Maize,Kharif,633.9,1336.3,6352.7,4.75
Chhattisgarh,Maize,Kharif,744.2,2673.7,12945.6,4.84
Himachal Pradesh,Cotton,Kharif,934.3,4562.3,10509.2,2.3
Maharashtra,Barley,Rabi,402.2,935.9,2954.2,3.16
Rajasthan,Maize,Kharif,722.6,745.3,3680.2,4.94
Bihar,Soybean,Kharif,914.7,1387.1,3188.6,2.3
Telangana,Wheat,Rabi,615.5,4468.3,27032.9,6.05
Nagaland,Rice,Kharif,935.8,4546.2,20397.1,4.49
Odisha,Potato,Rabi,788.6,3092.8,71885.1,23.24
Madhya Pradesh,Cotton,Kharif,603.5,127.0,349.2,2.75
Maharashtra,Rice,Kharif,1097.2,4032.7,18156.3,4.5
Mizoram,Potato,Rabi,517.4,2045.4,64324.2,31.45
Chhattisgarh,Rice,Kharif,1455.4,4383.7,21643.1,4.94
Madhya Pradesh,Maize,Kharif,725.3,909.5,4307.0,4.74
Haryana,Maize,Kharif,705.5,1615.9,7998.8,4.95
Madhya Pradesh,Potato,Rabi,782.0,107.7,3042.3,28.26
Uttarakhand,Groundnut,Kharif,787.0,4021.7,10521.8,2.62
Bihar,Wheat,Rabi,482.3,2793.0,13119.2,4.7
Mizoram,Rice,Kharif,1263.8,3265.9,16833.1,5.15
Jharkhand,Wheat,Rabi,760.8,2560.6,13032.5,5.09
Odisha,Soybean,Kharif,646.3,3730.8,6515.3,1.75
Goa,Maize,Kharif,767.0,157.4,629.7,4.0
Kerala,Maize,Kharif,724.4,4059.3,16726.5,4.12
Tripura,Groundnut,Kharif,826.7,1998.2,4014.7,2.01
Karnataka,Wheat,Rabi,591.4,2992.4,15059.9,5.03
Kerala,Wheat,Rabi,584.5,2938.4,15809.1,5.38
Himachal Pradesh,Groundnut,Kharif,627.5,3557.4,9039.0,2.54
Andhra Pradesh,Mustard,Rabi,412.4,2209.6,3435.9,1.56
Bihar,Sugarcane,Kharif,1679.1,1769.0,149392.4,84.45
Uttarakhand,Rice,Kharif,991.1,2702.3,14391.2,5.33
Meghalaya,Cotton,Kharif,790.1,765.4,2314.6,3.02
Uttar Pradesh,Soybean,Kharif,970.3,2037.6,3668.8,1.8
Goa,Sugarcane,Kharif,1018.2,3054.4,311270.7,101.91
West Bengal,Barley,Rabi,595.2,4809.6,12740.0,2.65
Punjab,Rice,Kharif,1247.0,2813.2,14289.8,5.08
Arunachal Pradesh,Soybean,Kharif,698.8,1845.3,4103.7,2.22
Arunachal Pradesh,Maize,Kharif,588.6,4170.4,16568.9,3.97
Bihar,Maize,Kharif,582.6,4998.6,21012.5,4.2
Madhya Pradesh,Wheat,Rabi,621.1,3141.2,17282.5,5.5
Chhattisgarh,Groundnut,Kharif,658.1,2430.2,5626.7,2.32
Bihar,Soybean,Kharif,691.1,2713.6,6152.1,2.27
Kerala,Soybean,Kharif,652.3,711.6,1463.9,2.06
Mizoram,Mustard,Rabi,382.7,2468.7,4633.6,1.88
Goa,Groundnut,Kharif,650.1,1095.8,2554.2,2.33
Telangana,Groundnut,Kharif,654.6,4341.3,11442.4,2.64
Maharashtra,Wheat,Rabi,605.2,2997.9,16743.3,5.59
Gujarat,Maize,Kharif,600.2,4250.1,15829.7,3.72
Haryana,Maize,Kharif,655.9,250.9,1055.3,4.21
Manipur,Groundnut,Kharif,507.6,3493.4,7164.1,2.05
Jharkhand,Sugarcane,Kharif,1094.6,1465.9,149466.6,101.96
Telangana,Barley,Rabi,538.0,3201.2,11476.3,3.58
Manipur,Sugarcane,Kharif,706.2,4127.4,366608.1,88.82
Himachal Pradesh,Rice,Kharif,1661.3,480.5,2429.4,5.06
Bihar,Soybean,Kharif,722.5,3197.2,6666.3,2.09
Madhya Pradesh,Wheat,Rabi,452.1,653.4,2656.3,4.07
Arunachal Pradesh,Potato,Rabi,496.9,811.5,23253.9,28.66
Uttar Pradesh,Mustard,Rabi,388.6,4653.2,7672.7,1.65
Tamil Nadu,Soybean,Kharif,728.6,1207.5,2506.4,2.08
Himachal Pradesh,Sugarcane,Kharif,737.0,1020.4,80528.6,78.92
Tamil Nadu,Groundnut,Kharif,846.8,4125.0,8777.5,2.13
Sikkim,Cotton,Kharif,818.5,1585.7,4513.9,2.85
Manipur,Soybean,Kharif,825.3,4592.3,9084.2,1.98
Haryana,Wheat,Rabi,590.5,2072.0,10124.8,4.89
Tripura,Rice,Kharif,1360.0,1453.2,7285.9,5.01
Goa,Rice,Kharif,956.4,599.3,2942.3,4.91
Andhra Pradesh,Maize,Kharif,782.5,2901.9,14364.2,4.95
Nagaland,Maize,Kharif,716.9,537.5,2660.7,4.95
Uttar Pradesh,Groundnut,Kharif,697.5,3200.3,7764.8,2.43
Telangana,Groundnut,Kharif,501.7,4833.6,9037.7,1.87
Kerala,Rice,Kharif,1508.5,1417.9,8578.6,6.05
Punjab,Maize,Kharif,817.2,1987.1,9836.1,4.95
Himachal Pradesh,Maize,Kharif,728.8,1906.7,7781.5,4.08
Kerala,Barley,Rabi,315.7,4266.7,13592.4,3.19
Meghalaya,Barley,Rabi,497.2,4412.8,14851.4,3.37
Andhra Pradesh,Cotton,Kharif,838.9,3293.0,9626.3,2.92
Nagaland,Maize,Kharif,657.8,2036.1,9087.1,4.46
Haryana,Soybean,Kharif,679.7,384.7,819.1,2.13
Sikkim,Soybean,Kharif,806.3,4193.9,8377.6,2.0
Maharashtra,Sugarcane,Kharif,1702.2,254.0,23307.3,91.77
Assam,Soybean,Kharif,812.4,148.6,334.8,2.25
Karnataka,Barley,Rabi,589.0,3892.6,10835.8,2.78
Manipur,Rice,Kharif,1369.2,715.2,4326.9,6.05
Rajasthan,Potato,Rabi,708.1,186.0,5587.5,30.04
Rajasthan,Barley,Rabi,531.9,1805.7,5813.7,3.22
Kerala,Sugarcane,Kharif,1411.1,3923.8,409735.6,104.42
Haryana,Soybean,Kharif,660.9,3579.7,7617.2,2.13
Arunachal Pradesh,Wheat,Rabi,619.4,4793.2,27521.4,5.74
Himachal Pradesh,Groundnut,Kharif,814.1,2768.0,7104.2,2.57
Manipur,Soybean,Kharif,746.3,3149.8,6276.7,1.99
Jharkhand,Maize,Kharif,573.5,3216.2,13734.0,4.27
Manipur,Rice,Kharif,1210.7,4461.7,26243.0,5.88
Himachal Pradesh,Wheat,Rabi,691.5,2536.8,14313.2,5.64
Himachal Pradesh,Mustard,Rabi,340.3,2553.0,4260.2,1.67
Rajasthan,Sugarcane,Kharif,1383.0,3828.2,397891.3,103.94
Maharashtra,Potato,Rabi,472.1,2458.5,68560.7,27.89
Madhya Pradesh,Rice,Kharif,1023.3,2683.4,14689.8,5.47
West Bengal,Soybean,Kharif,643.6,4769.8,8503.4,1.78
Tripura,Sugarcane,Kharif,1180.7,458.1,44329.0,96.77
Sikkim,Wheat,Rabi,793.4,3810.8,16024.8,4.21
Madhya Pradesh,Potato,Rabi,590.8,1312.0,41416.9,31.57
Andhra Pradesh,Groundnut,Kharif,812.5,3055.0,7916.1,2.59
Chhattisgarh,Potato,Rabi,713.8,2804.8,76891.5,27.41
Karnataka,Sugarcane,Kharif,944.3,567.5,49239.8,86.77
Chhattisgarh,Barley,Rabi,420.8,102.2,393.4,3.85
Bihar,Barley,Rabi,346.1,2612.3,9096.5,3.48
Gujarat,Rice,Kharif,1471.9,259.8,1285.3,4.95
Assam,Rice,Kharif,1299.9,2136.5,11403.4,5.34
Andhra Pradesh,Wheat,Rabi,765.8,4874.4,24130.2,4.95
Tamil Nadu,Potato,Rabi,735.9,1202.0,35007.8,29.13
Bihar,Sugarcane,Kharif,1491.1,2194.8,201339.2,91.74
Kerala,Potato,Rabi,735.9,4244.7,107896.1,25.42
Chhattisgarh,Sugarcane,Kharif,1539.4,4455.5,432782.7,97.13
Nagaland,Cotton,Kharif,602.2,260.8,686.8,2.63
Maharashtra,Barley,Rabi,409.3,4409.5,13831.8,3.14
Andhra Pradesh,Maize,Kharif,547.5,4141.5,17004.1,4.11
Arunachal Pradesh,Barley,Rabi,439.0,1521.1,4884.3,3.21
Madhya Pradesh,Sugarcane,Kharif,1131.0,400.5,39694.8,99.11
Goa,Sugarcane,Kharif,1495.4,1097.5,94827.5,86.4
Rajasthan,Cotton,Kharif,615.2,3735.3,9330.4,2.5
Chhattisgarh,Groundnut,Kharif,743.9,4108.3,10821.2,2.63
Meghalaya,Maize,Kharif,590.8,3339.0,13713.5,4.11
Uttarakhand,Groundnut,Kharif,717.8,919.9,2315.2,2.52
Himachal Pradesh,Rice,Kharif,1757.0,1553.1,6461.2,4.16
Tripura,Sugarcane,Kharif,1316.1,3571.6,352597.4,98.72
Odisha,Cotton,Kharif,986.2,581.4,1369.3,2.36
Goa,Rice,Kharif,1009.8,4267.3,18551.9,4.35
Tripura,Rice,Kharif,927.8,3359.2,13428.0,4.0
Rajasthan,Maize,Kharif,559.4,3388.2,14009.4,4.13
Madhya Pradesh,Groundnut,Kharif,719.7,1997.5,4910.8,2.46
Bihar,Wheat,Rabi,455.6,709.5,3104.1,4.38
Maharashtra,Potato,Rabi,646.4,2555.3,82198.4,32.17
Goa,Barley,Rabi,460.3,2205.0,7625.2,3.46
Chhattisgarh,Soybean,Kharif,647.4,4063.1,8584.0,2.11
Bihar,Groundnut,Kharif,626.6,2557.4,6592.9,2.58
Haryana,Groundnut,Kharif,625.1,897.8,2316.7,2.58
Andhra Pradesh,Rice,Kharif,917.8,1038.0,4624.3,4.46
Kerala,Rice,Kharif,1741.5,1310.9,6026.9,4.6
Andhra Pradesh,Wheat,Rabi,601.5,1729.0,10086.3,5.83
Arunachal Pradesh,Groundnut,Kharif,877.8,1075.1,2357.4,2.19
Odisha,Soybean,Kharif,840.4,1693.7,4098.9,2.42
Jharkhand,Barley,Rabi,594.1,4856.3,11787.7,2.43
Chhattisgarh,Barley,Rabi,521.4,2171.4,7550.3,3.48
Uttarakhand,Rice,Kharif,1257.9,1415.8,7258.3,5.13
West Bengal,Mustard,Rabi,497.0,3057.8,5768.0,1.89
Gujarat,Soybean,Kharif,627.3,551.3,966.1,1.75
Arunachal Pradesh,Sugarcane,Kharif,716.6,1329.4,124170.6,93.41
Jharkhand,Barley,Rabi,512.0,3028.6,10153.5,3.35
Bihar,Rice,Kharif,1005.4,3100.1,14392.6,4.64
Uttarakhand,Soybean,Kharif,975.6,1930.4,3117.4,1.61
Madhya Pradesh,Rice,Kharif,913.9,1340.2,6327.3,4.72
Bihar,Maize,Kharif,978.8,3395.1,12202.6,3.59
Meghalaya,Soybean,Kharif,640.8,2224.6,3694.4,1.66
Assam,Cotton,Kharif,874.2,2228.6,6635.1,2.98
Himachal Pradesh,Potato,Rabi,798.5,2779.7,63415.7,22.81
Himachal Pradesh,Potato,Rabi,680.3,345.1,9503.9,27.54
Punjab,Rice,Kharif,1093.0,1313.0,6402.8,4.88
Haryana,Wheat,Rabi,706.5,4762.3,25187.0,5.29
Jharkhand,Wheat,Rabi,731.8,4670.3,25509.4,5.46
Madhya Pradesh,Mustard,Rabi,360.1,2655.1,4571.5,1.72
Odisha,Potato,Rabi,571.0,4018.6,113676.6,28.29
Gujarat,Rice,Kharif,1678.7,4381.2,23226.4,5.3
Uttarakhand,Soybean,Kharif,771.0,3281.7,7328.5,2.23
Chhattisgarh,Wheat,Rabi,738.7,1575.1,7390.8,4.69
Gujarat,Soybean,Kharif,611.3,1477.1,2391.1,1.62
Assam,Soybean,Kharif,862.1,445.4,891.9,2.0
Jharkhand,Sugarcane,Kharif,1521.5,4149.8,395307.6,95.26
Odisha,Maize,Kharif,902.9,2811.6,10179.0,3.62
Tripura,Sugarcane,Kharif,1516.8,4375.9,363318.6,83.03
Madhya Pradesh,Groundnut,Kharif,586.4,1930.2,4834.5,2.5
Uttar Pradesh,Groundnut,Kharif,592.7,4527.4,10380.9,2.29
Goa,Maize,Kharif,914.4,4433.4,18000.3,4.06
Kerala,Groundnut,Kharif,684.7,164.9,404.3,2.45
Himachal Pradesh,Sugarcane,Kharif,1152.2,2205.1,218560.2,99.12
Tamil Nadu,Mustard,Rabi,558.9,3968.2,5858.3,1.48
Sikkim,Soybean,Kharif,633.4,616.2,972.2,1.58
Bihar,Wheat,Rabi,631.7,1302.2,7148.2,5.49
Tamil Nadu,Soybean,Kharif,707.0,4932.6,9940.4,2.02
Himachal Pradesh,Rice,Kharif,1286.0,3512.5,20069.2,5.71
Manipur,Potato,Rabi,468.7,3194.0,89412.2,27.99
Meghalaya,Rice,Kharif,1346.1,2251.6,13605.5,6.04
Telangana,Potato,Rabi,604.9,3887.6,107565.6,27.67
Gujarat,Sugarcane,Kharif,1554.1,4300.8,404679.7,94.09
Uttarakhand,Maize,Kharif,780.3,148.9,671.9,4.51
West Bengal,Barley,Rabi,460.7,4124.8,15857.9,3.84
Meghalaya,Barley,Rabi,445.5,998.9,3336.6,3.34
Arunachal Pradesh,Barley,Rabi,564.8,470.9,1474.8,3.13
Tripura,Mustard,Rabi,304.7,3741.1,4829.4,1.29
Manipur,Cotton,Kharif,824.2,1939.8,5092.2,2.63
Madhya Pradesh,Soybean,Kharif,773.4,1178.5,2763.9,2.35
Sikkim,Mustard,Rabi,320.6,2374.8,3493.0,1.47
Punjab,Potato,Rabi,540.0,4227.4,139504.0,33.0
Himachal Pradesh,Wheat,Rabi,720.5,425.7,2187.6,5.14
Haryana,Barley,Rabi,475.1,2638.2,9947.5,3.77
Mizoram,Maize,Kharif,835.6,3737.0,17048.3,4.56
Gujarat,Barley,Rabi,404.1,3066.5,10088.0,3.29
Rajasthan,Potato,Rabi,755.7,3198.7,84915.4,26.55
Jharkhand,Potato,Rabi,566.0,1008.3,32420.0,32.15
Madhya Pradesh,Wheat,Rabi,598.7,2584.6,14975.6,5.79
Manipur,Rice,Kharif,1426.2,4796.6,22849.2,4.76
Mizoram,Soybean,Kharif,813.3,3766.3,8109.8,2.15
Andhra Pradesh,Sugarcane,Kharif,1464.1,3343.6,279916.1,83.72
Manipur,Cotton,Kharif,730.8,3954.9,13051.1,3.3
Uttar Pradesh,Sugarcane,Kharif,1522.6,1393.6,115586.8,82.94
Rajasthan,Maize,Kharif,912.2,4304.8,17443.1,4.05
Meghalaya,Soybean,Kharif,771.6,2238.5,4761.8,2.13
Madhya Pradesh,Soybean,Kharif,637.7,4082.3,8003.4,1.96
Goa,Cotton,Kharif,951.5,128.0,365.8,2.86
Uttarakhand,Maize,Kharif,785.6,1658.7,7250.5,4.37
Assam,Cotton,Kharif,945.9,493.1,1366.8,2.77
Rajasthan,Maize,Kharif,507.9,4591.4,14790.2,3.22
Mizoram,Cotton,Kharif,519.5,3160.6,8557.5,2.71
Rajasthan,Potato,Rabi,556.2,3227.8,89822.7,27.83
Odisha,Wheat,Rabi,697.6,4648.1,24164.4,5.2
Maharashtra,Wheat,Rabi,569.7,1137.0,5955.0,5.24
Odisha,Sugarcane,Kharif,1779.2,3006.5,256847.3,85.43
Karnataka,Wheat,Rabi,576.9,639.3,3822.0,5.98
Karnataka,Sugarcane,Kharif,1394.8,442.0,37148.0,84.04
Sikkim,Maize,Kharif,873.9,2127.8,9708.3,4.56
Haryana,Soybean,Kharif,782.1,193.8,438.9,2.26
Meghalaya,Rice,Kharif,1448.7,4207.0,24139.8,5.74
Sikkim,Cotton,Kharif,980.5,853.1,1938.8,2.27
Chhattisgarh,Rice,Kharif,1149.3,2957.6,16980.0,5.74
Haryana,Mustard,Rabi,478.2,1306.8,2455.0,1.88
Maharashtra,Groundnut,Kharif,700.6,3448.9,9484.5,2.75
Uttarakhand,Sugarcane,Kharif,1580.1,1159.5,112355.5,96.9
Mizoram,Groundnut,Kharif,747.6,3902.0,10551.5,2.7
Maharashtra,Cotton,Kharif,673.8,4470.3,13408.9,3.0
Odisha,Wheat,Rabi,474.9,1223.9,5163.1,4.22
Punjab,Wheat,Rabi,544.0,4868.1,22861.2,4.7
Tripura,Mustard,Rabi,334.3,862.3,1165.6,1.35
Karnataka,Mustard,Rabi,365.9,1833.1,2651.1,1.45
Madhya Pradesh,Cotton,Kharif,605.3,819.9,2487.1,3.03
Goa,Mustard,Rabi,346.5,2860.7,3851.9,1.35
Chhattisgarh,Soybean,Kharif,912.2,1627.3,3114.1,1.91
Kerala,Groundnut,Kharif,532.9,379.2,809.4,2.13
Telangana,Wheat,Rabi,610.5,2914.0,16672.1,5.72
Odisha,Mustard,Rabi,499.3,4708.1,7952.1,1.69
Uttar Pradesh,Sugarcane,Kharif,1238.3,2513.6,254057.2,101.07
Kerala,Soybean,Kharif,935.3,1708.3,3181.7,1.86
Bihar,Barley,Rabi,454.2,4460.4,17172.7,3.85
Mizoram,Sugarcane,Kharif,1261.2,2073.6,211786.7,102.13
West Bengal,Groundnut,Kharif,872.9,1469.1,3230.1,2.2
Goa,Mustard,Rabi,355.6,4146.0,6258.2,1.51
Sikkim,Soybean,Kharif,988.0,800.7,1397.3,1.75
Maharashtra,Maize,Kharif,969.4,2908.8,12379.4,4.26
Chhattisgarh,Cotton,Kharif,836.4,1169.2,3097.1,2.65
Uttar Pradesh,Cotton,Kharif,624.8,3776.3,10154.7,2.69
Sikkim,Cotton,Kharif,729.2,559.5,1665.1,2.98
Uttar Pradesh,Mustard,Rabi,576.2,1266.9,1641.8,1.3
Uttarakhand,Groundnut,Kharif,502.6,3542.2,7303.0,2.06
Tamil Nadu,Wheat,Rabi,716.1,1941.4,10131.3,5.22
Maharashtra,Wheat,Rabi,509.7,1101.8,4885.1,4.43
Tamil Nadu,Rice,Kharif,1359.5,2556.3,14452.8,5.65
Tamil Nadu,Cotton,Kharif,639.2,4649.1,14667.2,3.15
Manipur,Rice,Kharif,1616.4,2381.8,12619.3,5.3
Madhya Pradesh,Barley,Rabi,482.5,950.1,3028.1,3.19
Andhra Pradesh,Mustard,Rabi,360.0,1132.8,1752.1,1.55
Uttar Pradesh,Sugarcane,Kharif,1322.4,1997.9,208778.5,104.5
Nagaland,Soybean,Kharif,607.7,1248.7,2434.4,1.95
Karnataka,Mustard,Rabi,309.0,3372.6,5425.6,1.61
Odisha,Groundnut,Kharif,606.2,4255.7,10014.2,2.35
Tamil Nadu,Sugarcane,Kharif,1673.3,1459.6,135002.8,92.49
Karnataka,Cotton,Kharif,981.7,3151.2,6979.1,2.21
Maharashtra,Maize,Kharif,655.9,486.8,2085.7,4.28
Uttarakhand,Rice,Kharif,980.1,4701.1,25002.2,5.32
Nagaland,Cotton,Kharif,599.2,1275.9,3207.4,2.51
Telangana,Mustard,Rabi,402.4,1437.9,2504.8,1.74
Odisha,Maize,Kharif,647.1,4713.5,18816.5,3.99
Mizoram,Maize,Kharif,606.2,4434.5,18406.1,4.15
Punjab,Groundnut,Kharif,618.0,624.6,1363.7,2.18
Sikkim,Barley,Rabi,518.9,4130.2,15501.8,3.75
Rajasthan,Rice,Kharif,1005.2,4754.5,24040.6,5.06
Maharashtra,Cotton,Kharif,866.9,1840.1,5139.7,2.79
Karnataka,Groundnut,Kharif,763.5,4122.8,11337.7,2.75
Sikkim,Mustard,Rabi,497.1,153.0,282.6,1.85
Tamil Nadu,Sugarcane,Kharif,808.6,1871.6,140078.6,74.85
Uttarakhand,Soybean,Kharif,685.9,259.0,488.8,1.89
Karnataka,Groundnut,Kharif,569.0,1552.2,3589.0,2.31
Sikkim,Potato,Rabi,717.4,807.1,19628.0,24.32
Punjab,Barley,Rabi,507.6,1210.0,4113.4,3.4
Manipur,Rice,Kharif,1127.6,4121.4,22329.6,5.42
Goa,Maize,Kharif,675.4,4048.0,17044.8,4.21
Mizoram,Soybean,Kharif,683.6,4220.5,7257.2,1.72
Maharashtra,Mustard,Rabi,542.5,1984.6,3236.4,1.63
Mizoram,Sugarcane,Kharif,924.7,2161.7,168693.3,78.04
Arunachal Pradesh,Potato,Rabi,774.8,1323.9,32641.1,24.66
Uttarakhand,Wheat,Rabi,789.9,2146.6,9762.9,4.55
Tamil Nadu,Maize,Kharif,886.8,3497.3,13105.4,3.75
Assam,Maize,Kharif,615.7,4506.4,19460.0,4.32
Nagaland,Rice,Kharif,1299.7,2705.1,15120.4,5.59
Maharashtra,Sugarcane,Kharif,777.1,4153.8,336826.0,81.09
Bihar,Potato,Rabi,467.3,2829.5,83788.2,29.61
Sikkim,Mustard,Rabi,450.7,3186.1,6085.2,1.91
Assam,Potato,Rabi,525.9,3926.7,103413.5,26.34
Gujarat,Wheat,Rabi,738.6,4238.9,19426.2,4.58
Maharashtra,Cotton,Kharif,884.1,2225.5,6397.6,2.87
Manipur,Mustard,Rabi,464.2,4433.3,7501.4,1.69
Assam,Potato,Rabi,402.6,4832.2,133789.2,27.69
Bihar,Rice,Kharif,1555.5,4739.1,24480.6,5.17
Punjab,Soybean,Kharif,913.3,4952.6,9575.4,1.93
Assam,Barley,Rabi,481.1,4698.8,16616.9,3.54
Tamil Nadu,Potato,Rabi,649.1,1605.4,44709.3,27.85
Tamil Nadu,Barley,Rabi,348.1,4500.0,13506.8,3.0
Tripura,Potato,Rabi,536.2,356.7,11129.1,31.2
Assam,Cotton,Kharif,667.8,4746.4,12650.5,2.67
Gujarat,Groundnut,Kharif,605.8,1460.8,3219.5,2.2
Tripura,Potato,Rabi,770.8,4304.0,103198.8,23.98
Uttarakhand,Potato,Rabi,778.7,1637.2,44577.8,27.23
Manipur,Potato,Rabi,635.3,1448.7,42136.8,29.09
Uttarakhand,Mustard,Rabi,571.3,2794.4,4181.4,1.5
Haryana,Rice,Kharif,1099.6,540.6,2619.6,4.85
Bihar,Soybean,Kharif,735.0,509.3,1178.3,2.31
Meghalaya,Potato,Rabi,665.1,2473.5,80140.7,32.4
Manipur,Cotton,Kharif,580.7,4046.6,11250.0,2.78
Uttarakhand,Groundnut,Kharif,561.6,2101.4,4156.0,1.98
Meghalaya,Wheat,Rabi,469.8,2020.4,7957.1,3.94
Tamil Nadu,Wheat,Rabi,517.7,4488.9,23666.8,5.27
Bihar,Barley,Rabi,369.0,1278.6,4042.3,3.16
Manipur,Barley,Rabi,342.3,501.9,1587.0,3.16
Bihar,Wheat,Rabi,460.5,2572.6,12130.6,4.72
Bihar,Maize,Kharif,584.5,3225.7,12637.5,3.92
Rajasthan,Wheat,Rabi,602.0,3132.0,17538.2,5.6
Telangana,Rice,Kharif,1350.6,1466.8,8337.9,5.68
Karnataka,Groundnut,Kharif,539.8,2665.6,5751.5,2.16
Kerala,Rice,Kharif,1700.9,3850.3,20178.2,5.24
Arunachal Pradesh,Potato,Rabi,746.2,717.2,17115.3,23.86
Haryana,Wheat,Rabi,685.8,3011.8,17859.7,5.93
Arunachal Pradesh,Rice,Kharif,1514.3,2202.4,11634.1,5.28
Goa,Barley,Rabi,305.5,3339.6,9307.2,2.79
Sikkim,Potato,Rabi,500.4,1140.4,33876.7,29.71
Tripura,Cotton,Kharif,850.7,719.3,1793.4,2.49
Uttar Pradesh,Barley,Rabi,486.8,4225.9,16212.3,3.84
Gujarat,Wheat,Rabi,599.2,3352.7,18336.0,5.47
Maharashtra,Wheat,Rabi,467.6,2926.7,14400.8,4.92
Gujarat,Mustard,Rabi,408.8,838.4,1509.1,1.8
Goa,Cotton,Kharif,995.7,3945.4,9954.8,2.52
Bihar,Mustard,Rabi,537.7,1549.5,2682.1,1.73
Madhya Pradesh,Sugarcane,Kharif,1428.0,3008.0,289989.8,96.41
Maharashtra,Soybean,Kharif,873.9,4628.8,10802.3,2.33
Sikkim,Wheat,Rabi,561.4,3260.0,18921.9,5.8
Uttarakhand,Rice,Kharif,912.3,551.3,2283.2,4.14
Haryana,Cotton,Kharif,782.9,516.8,1555.2,3.01
Tripura,Soybean,Kharif,866.5,2452.2,5769.7,2.35
Kerala,Groundnut,Kharif,532.4,4886.3,10667.7,2.18
Karnataka,Soybean,Kharif,949.4,1702.0,3725.5,2.19
Manipur,Rice,Kharif,1262.4,3442.7,19679.2,5.72
Meghalaya,Maize,Kharif,682.3,2905.9,13349.9,4.59
Punjab,Barley,Rabi,541.2,4974.0,15755.7,3.17
Uttarakhand,Barley,Rabi,385.4,1061.6,3587.7,3.38
Punjab,Mustard,Rabi,589.0,2444.6,3250.7,1.33
Karnataka,Barley,Rabi,325.8,2767.3,7400.3,2.67
Maharashtra,Potato,Rabi,518.3,2663.7,83608.0,31.39
Odisha,Soybean,Kharif,700.9,4068.6,8167.2,2.01
Uttarakhand,Cotton,Kharif,865.1,3240.7,8955.0,2.76
Bihar,Barley,Rabi,510.1,2695.6,9750.9,3.62
Rajasthan,Mustard,Rabi,577.2,4182.7,6953.4,1.66
Sikkim,Barley,Rabi,590.0,1605.5,4756.0,2.96
West Bengal,Soybean,Kharif,820.2,1658.1,3936.7,2.37
Karnataka,Barley,Rabi,413.4,893.4,2762.1,3.09
West Bengal,Rice,Kharif,995.7,4711.1,19220.0,4.08
Madhya Pradesh,Mustard,Rabi,595.7,2341.5,3088.3,1.32
Uttar Pradesh,Soybean,Kharif,782.2,3679.4,8216.9,2.23
Mizoram,Wheat,Rabi,519.2,644.9,3021.2,4.68
Uttarakhand,Cotton,Kharif,648.7,3410.5,8586.1,2.52
Bihar,Rice,Kharif,1458.0,670.7,3749.4,5.59
Telangana,Maize,Kharif,647.7,3424.1,14811.9,4.33
Maharashtra,Barley,Rabi,418.9,2220.6,7299.0,3.29
Bihar,Sugarcane,Kharif,788.7,3800.2,353518.1,93.03
Gujarat,Barley,Rabi,548.5,4160.4,12544.5,3.02
Nagaland,Potato,Rabi,510.8,709.3,22363.4,31.53
Uttar Pradesh,Potato,Rabi,788.4,2945.2,68999.9,23.43
Chhattisgarh,Barley,Rabi,568.5,3951.0,10110.3,2.56
Uttarakhand,Groundnut,Kharif,893.0,747.7,1314.7,1.76
Manipur,Wheat,Rabi,675.4,367.4,1961.3,5.34
Assam,Groundnut,Kharif,861.0,337.0,690.0,2.05
Uttar Pradesh,Cotton,Kharif,599.7,2567.4,6351.8,2.47
Telangana,Soybean,Kharif,687.3,171.4,358.2,2.09
Uttarakhand,Groundnut,Kharif,742.0,3165.7,7010.3,2.21
Himachal Pradesh,Potato,Rabi,473.9,2664.7,67943.3,25.5
Jharkhand,Groundnut,Kharif,649.5,160.5,411.7,2.57
Assam,Maize,Kharif,871.1,4288.5,16402.2,3.82
Odisha,Maize,Kharif,691.4,812.1,4014.3,4.94
Bihar,Maize,Kharif,531.0,4402.4,15665.5,3.56
West Bengal,Sugarcane,Kharif,753.6,315.9,24607.6,77.89
Himachal Pradesh,Soybean,Kharif,816.5,478.2,1073.7,2.25
Kerala,Barley,Rabi,338.1,2641.0,7528.0,2.85
Himachal Pradesh,Cotton,Kharif,679.1,798.5,2635.1,3.3
Madhya Pradesh,Wheat,Rabi,685.3,371.5,1834.6,4.94
Telangana,Barley,Rabi,424.6,582.3,1745.1,3.0
Assam,Potato,Rabi,639.7,1645.3,51105.6,31.06
Madhya Pradesh,Sugarcane,Kharif,806.7,2780.0,220770.3,79.42
Nagaland,Wheat,Rabi,669.7,4234.4,24265.9,5.73
Gujarat,Sugarcane,Kharif,1456.0,3190.5,327713.1,102.71
Karnataka,Groundnut,Kharif,744.9,1054.4,2410.5,2.29
Kerala,Groundnut,Kharif,609.1,433.1,1092.8,2.52
Mizoram,Sugarcane,Kharif,1461.3,2137.5,172729.8,80.81
Meghalaya,Soybean,Kharif,761.1,751.7,1603.3,2.13
Kerala,Groundnut,Kharif,879.7,4544.5,10598.0,2.33
Tripura,Barley,Rabi,362.5,2150.1,6647.6,3.09
Madhya Pradesh,Wheat,Rabi,651.5,2411.5,12717.0,5.27
Tamil Nadu,Wheat,Rabi,474.2,312.2,1561.5,5.0
Uttarakhand,Soybean,Kharif,732.2,2120.8,4585.0,2.16
Rajasthan,Potato,Rabi,605.3,4568.6,119786.2,26.22
West Bengal,Rice,Kharif,1524.6,1663.3,8032.5,4.83
Himachal Pradesh,Soybean,Kharif,963.2,612.9,1049.5,1.71
Assam,Groundnut,Kharif,729.5,251.6,550.1,2.19
Mizoram,Cotton,Kharif,703.7,210.6,628.6,2.99
West Bengal,Wheat,Rabi,761.7,4069.8,19960.2,4.9
Odisha,Barley,Rabi,525.0,1417.1,4980.3,3.51
Kerala,Mustard,Rabi,374.1,2820.2,4557.5,1.62
Goa,Sugarcane,Kharif,1169.1,1148.6,111816.8,97.35
West Bengal,Mustard,Rabi,420.1,167.9,311.9,1.86
Haryana,Barley,Rabi,392.6,2831.3,8884.0,3.14
Chhattisgarh,Groundnut,Kharif,765.0,4441.0,11271.6,2.54
Madhya Pradesh,Cotton,Kharif,998.5,341.2,863.8,2.53
Maharashtra,Barley,Rabi,341.3,4525.8,12152.4,2.69
Jharkhand,Cotton,Kharif,750.0,3824.0,12169.0,3.18
Arunachal Pradesh,Soybean,Kharif,764.3,4885.1,9692.5,1.98
Gujarat,Sugarcane,Kharif,1728.0,3489.1,281772.5,80.76
Nagaland,Cotton,Kharif,696.8,3391.4,9340.8,2.75
Madhya Pradesh,Potato,Rabi,630.0,2194.6,58295.2,26.56
Sikkim,Cotton,Kharif,872.6,2086.1,5506.9,2.64
Odisha,Mustard,Rabi,547.6,801.5,1422.5,1.77
Odisha,Soybean,Kharif,856.6,3961.1,7385.1,1.86
Meghalaya,Soybean,Kharif,643.6,4389.9,7944.1,1.81
Madhya Pradesh,Groundnut,Kharif,842.9,818.8,1883.1,2.3
Telangana,Wheat,Rabi,780.8,3264.1,15708.2,4.81
Uttar Pradesh,Maize,Kharif,653.0,967.9,3557.5,3.68
Maharashtra,Maize,Kharif,976.2,4078.5,15108.1,3.7
Punjab,Soybean,Kharif,943.4,3554.7,6356.7,1.79
Haryana,Mustard,Rabi,494.1,4312.4,7545.3,1.75
Andhra Pradesh,Soybean,Kharif,635.3,4120.7,7241.4,1.76
Jharkhand,Sugarcane,Kharif,1399.7,2438.3,216308.7,88.71
Meghalaya,Sugarcane,Kharif,1779.4,4675.9,425918.7,91.09
Assam,Cotton,Kharif,734.4,3098.8,9571.0,3.09
Sikkim,Wheat,Rabi,466.5,3427.9,17277.9,5.04
Bihar,Groundnut,Kharif,608.2,3900.0,8638.1,2.21
Punjab,Rice,Kharif,1099.4,1352.6,6230.0,4.61
Maharashtra,Barley,Rabi,351.5,697.3,1993.2,2.86
Tripura,Soybean,Kharif,625.3,2422.6,4240.5,1.75
Chhattisgarh,Barley,Rabi,478.6,1059.0,3716.3,3.51
Meghalaya,Wheat,Rabi,677.1,2344.3,12269.7,5.23
Uttar Pradesh,Groundnut,Kharif,800.8,4979.1,11953.6,2.4
Chhattisgarh,Sugarcane,Kharif,1712.8,368.2,28864.2,78.39
Haryana,Barley,Rabi,425.6,922.3,3026.0,3.28
Goa,Rice,Kharif,1551.6,2209.6,12959.8,5.87
Telangana,Cotton,Kharif,756.2,3621.7,10841.8,2.99
Himachal Pradesh,Groundnut,Kharif,514.2,1240.4,2696.3,2.17
Tamil Nadu,Wheat,Rabi,516.5,1772.1,8191.4,4.62
Chhattisgarh,Groundnut,Kharif,826.0,3888.6,9468.4,2.43
Sikkim,Maize,Kharif,515.9,1469.3,5566.6,3.79
Uttar Pradesh,Rice,Kharif,1697.9,4328.3,19306.4,4.46
Rajasthan,Potato,Rabi,538.2,4112.5,103011.6,25.05
Punjab,Mustard,Rabi,320.6,4761.8,7825.5,1.64
Mizoram,Mustard,Rabi,461.3,1197.2,1953.3,1.63
Sikkim,Cotton,Kharif,903.9,2731.5,7833.7,2.87
Andhra Pradesh,Wheat,Rabi,554.2,3937.5,19382.6,4.92
Sikkim,Maize,Kharif,817.5,445.6,1770.1,3.97
Assam,Wheat,Rabi,516.5,4781.7,25440.5,5.32
Uttarakhand,Sugarcane,Kharif,1645.6,4284.3,342836.3,80.02
Haryana,Potato,Rabi,604.7,1515.9,47831.9,31.55
Maharashtra,Cotton,Kharif,877.3,3001.9,8115.0,2.7
Arunachal Pradesh,Potato,Rabi,477.7,2114.9,58454.3,27.64
Andhra Pradesh,Soybean,Kharif,647.3,3986.3,7546.2,1.89
Goa,Rice,Kharif,935.8,977.6,4169.9,4.27
Uttarakhand,Barley,Rabi,511.8,4162.8,13936.3,3.35
Meghalaya,Groundnut,Kharif,748.1,3180.0,8086.7,2.54
Arunachal Pradesh,Rice,Kharif,1744.3,4448.6,22607.2,5.08
Nagaland,Groundnut,Kharif,828.1,3133.9,7257.1,2.32
Uttar Pradesh,Wheat,Rabi,691.1,1285.0,6949.4,5.41
Andhra Pradesh,Potato,Rabi,787.1,2973.9,78964.3,26.55
Manipur,Rice,Kharif,1073.8,2415.3,12114.9,5.02
Bihar,Wheat,Rabi,759.3,373.1,1677.1,4.49
Chhattisgarh,Sugarcane,Kharif,1125.5,821.1,70994.3,86.46
Telangana,Rice,Kharif,980.8,703.9,3652.7,5.19
Himachal Pradesh,Cotton,Kharif,963.0,4832.6,11041.1,2.28
Haryana,Potato,Rabi,696.6,2719.3,78657.8,28.93
Nagaland,Potato,Rabi,466.5,1706.4,52270.6,30.63
Himachal Pradesh,Rice,Kharif,1003.4,2936.9,13374.7,4.55
Kerala,Barley,Rabi,394.2,1161.2,3931.1,3.39
Tamil Nadu,Maize,Kharif,543.6,3158.8,11767.5,3.73
Rajasthan,Maize,Kharif,675.8,2887.9,14222.4,4.92
Andhra Pradesh,Rice,Kharif,1181.0,4930.3,27933.6,5.67
Bihar,Sugarcane,Kharif,1361.5,2768.5,252929.7,91.36
Telangana,Soybean,Kharif,758.0,2306.7,4688.0,2.03
Gujarat,Soybean,Kharif,853.9,3771.9,7319.5,1.94
Karnataka,Potato,Rabi,481.6,1158.6,30559.4,26.38
Punjab,Cotton,Kharif,857.6,2192.8,7217.1,3.29
Mizoram,Potato,Rabi,610.0,704.9,22040.2,31.27
West Bengal,Cotton,Kharif,526.9,1854.0,3828.2,2.06
Madhya Pradesh,Groundnut,Kharif,655.1,4699.7,10770.2,2.29
Tamil Nadu,Mustard,Rabi,530.9,2910.5,5459.4,1.88
Arunachal Pradesh,Soybean,Kharif,798.9,1039.5,2019.3,1.94
Meghalaya,Maize,Kharif,670.0,531.9,2595.9,4.88
Meghalaya,Groundnut,Kharif,839.0,3562.4,7013.8,1.97
Chhattisgarh,Barley,Rabi,490.6,1137.6,3601.0,3.17
Rajasthan,Mustard,Rabi,396.6,2233.4,3981.8,1.78
Maharashtra,Groundnut,Kharif,787.7,2685.2,7183.9,2.68
Maharashtra,Wheat,Rabi,468.5,2709.1,13025.9,4.81
Kerala,Groundnut,Kharif,740.2,1960.7,4378.0,2.23
Sikkim,Barley,Rabi,590.9,2999.4,9036.5,3.01
Haryana,Maize,Kharif,743.6,1319.2,5274.9,4.0
Arunachal Pradesh,Mustard,Rabi,383.9,1361.6,2172.9,1.6
Bihar,Potato,Rabi,574.5,2244.8,70452.5,31.38
Rajasthan,Soybean,Kharif,823.3,3711.9,7407.1,2.0
Sikkim,Soybean,Kharif,734.5,158.8,373.5,2.35
Mizoram,Maize,Kharif,870.3,1259.4,5641.0,4.48
Telangana,Rice,Kharif,1286.2,620.2,3076.2,4.96
Kerala,Potato,Rabi,478.0,278.7,7566.9,27.15
Punjab,Mustard,Rabi,550.2,321.2,470.2,1.46
Haryana,Rice,Kharif,1659.6,2300.5,10553.6,4.59
Nagaland,Soybean,Kharif,861.5,3124.4,6437.5,2.06
Kerala,Sugarcane,Kharif,809.4,3534.2,321502.6,90.97
Bihar,Potato,Rabi,652.3,2461.9,73477.3,29.85
Tamil Nadu,Soybean,Kharif,667.9,942.4,1611.9,1.71
Meghalaya,Sugarcane,Kharif,881.1,1655.2,129514.9,78.25
Assam,Potato,Rabi,606.1,3742.8,102359.5,27.35
Nagaland,Sugarcane,Kharif,1363.5,3447.3,293365.2,85.1
Uttar Pradesh,Potato,Rabi,630.3,2091.4,58658.8,28.05
Chhattisgarh,Sugarcane,Kharif,911.2,1430.6,134734.0,94.18
Maharashtra,Wheat,Rabi,745.7,1560.2,7464.3,4.78
Manipur,Cotton,Kharif,878.2,1206.4,3504.3,2.9
Uttar Pradesh,Sugarcane,Kharif,1795.1,4251.6,337128.5,79.29
Madhya Pradesh,Groundnut,Kharif,880.8,4930.4,9216.2,1.87
Haryana,Sugarcane,Kharif,1049.7,283.2,22478.5,79.36
Himachal Pradesh,Sugarcane,Kharif,1704.6,4164.9,336586.1,80.82
Chhattisgarh,Wheat,Rabi,777.4,1880.7,9294.0,4.94
Jharkhand,Soybean,Kharif,710.2,3534.0,7137.5,2.02
Haryana,Sugarcane,Kharif,1722.3,412.6,32562.2,78.92
Odisha,Soybean,Kharif,713.1,4916.4,10004.1,2.03
Nagaland,Mustard,Rabi,401.6,3237.9,5631.2,1.74
Rajasthan,Wheat,Rabi,709.3,3302.6,16846.1,5.1
Arunachal Pradesh,Barley,Rabi,477.9,1529.3,5245.5,3.43
Meghalaya,Cotton,Kharif,650.0,923.3,2603.3,2.82
Uttar Pradesh,Rice,Kharif,1260.0,843.5,4203.7,4.98
Mizoram,Soybean,Kharif,918.3,1483.3,2681.1,1.81
Bihar,Groundnut,Kharif,602.6,2588.9,6762.4,2.61
Manipur,Mustard,Rabi,393.2,4298.5,7403.2,1.72
Mizoram,Potato,Rabi,632.8,2428.0,77392.1,31.87
Kerala,Cotton,Kharif,878.5,4331.8,13027.4,3.01
Nagaland,Groundnut,Kharif,670.7,876.4,1958.7,2.23
Punjab,Groundnut,Kharif,888.7,1525.3,3113.1,2.04
Nagaland,Sugarcane,Kharif,1643.6,1559.5,128367.9,82.31
Punjab,Maize,Kharif,735.8,914.3,3819.7,4.18
Bihar,Wheat,Rabi,737.2,357.2,1489.4,4.17
Uttar Pradesh,Potato,Rabi,501.9,3557.5,96641.4,27.17
Rajasthan,Mustard,Rabi,337.4,488.1,871.3,1.78
Mizoram,Sugarcane,Kharif,721.4,2130.6,162965.1,76.49
Haryana,Soybean,Kharif,782.8,3086.6,6267.7,2.03
Karnataka,Rice,Kharif,1788.0,2597.3,10961.6,4.22
Tripura,Rice,Kharif,1606.7,1387.3,7210.6,5.2
Rajasthan,Wheat,Rabi,563.5,4135.9,24539.9,5.93
Andhra Pradesh,Rice,Kharif,1428.9,3677.0,21156.8,5.75
Madhya Pradesh,Soybean,Kharif,625.6,665.3,994.1,1.49
Arunachal Pradesh,Sugarcane,Kharif,1219.4,1801.2,175546.4,97.46
Himachal Pradesh,Rice,Kharif,1462.7,3430.6,20270.3,5.91
Sikkim,Potato,Rabi,784.3,3692.5,98317.7,26.63
Gujarat,Wheat,Rabi,550.6,2713.3,14269.5,5.26
Bihar,Mustard,Rabi,350.7,3055.9,5467.7,1.79
Himachal Pradesh,Cotton,Kharif,771.9,2624.3,8447.2,3.22
Tripura,Maize,Kharif,805.7,1984.1,8426.1,4.25
Manipur,Barley,Rabi,534.5,3990.7,13028.6,3.26
Sikkim,Maize,Kharif,669.0,1256.4,5856.3,4.66
Uttarakhand,Groundnut,Kharif,704.4,4838.1,11722.4,2.42
Uttarakhand,Wheat,Rabi,679.0,4636.6,26980.7,5.82
Arunachal Pradesh,Groundnut,Kharif,655.5,1386.2,2985.9,2.15
Himachal Pradesh,Barley,Rabi,373.2,4836.4,17934.6,3.71
Tripura,Wheat,Rabi,634.1,1440.0,8221.2,5.71
Punjab,Soybean,Kharif,642.6,334.8,679.6,2.03
Jharkhand,Sugarcane,Kharif,1482.3,3842.9,307829.9,80.1
Gujarat,Wheat,Rabi,722.8,2085.0,11015.6,5.28
Himachal Pradesh,Maize,Kharif,803.7,3416.7,13903.1,4.07
Goa,Wheat,Rabi,658.6,248.7,1449.0,5.83
Nagaland,Sugarcane,Kharif,1206.4,755.5,66310.1,87.77
Jharkhand,Maize,Kharif,536.3,2769.5,10116.2,3.65
Bihar,Potato,Rabi,515.9,1146.4,29965.7,26.14
Chhattisgarh,Potato,Rabi,403.0,2277.5,56172.3,24.66
Chhattisgarh,Mustard,Rabi,515.0,1412.2,2399.1,1.7
Tripura,Mustard,Rabi,327.4,3214.6,5088.5,1.58
Arunachal Pradesh,Barley,Rabi,533.3,962.5,2865.9,2.98
Uttarakhand,Potato,Rabi,577.7,4921.1,135171.6,27.47
Chhattisgarh,Cotton,Kharif,925.9,611.6,1456.9,2.38
Madhya Pradesh,Mustard,Rabi,437.4,110.2,201.8,1.83
Telangana,Sugarcane,Kharif,1270.1,953.4,92629.6,97.16
Jharkhand,Potato,Rabi,685.8,1552.6,44109.9,28.41
Goa,Barley,Rabi,337.4,358.3,1122.7,3.13
Meghalaya,Barley,Rabi,466.2,1590.2,5123.2,3.22
Maharashtra,Soybean,Kharif,720.7,3179.2,7306.9,2.3
Manipur,Rice,Kharif,1650.9,2690.7,13399.1,4.98
Gujarat,Wheat,Rabi,673.6,2231.6,11399.3,5.11
Jharkhand,Potato,Rabi,572.8,2966.7,97900.2,33.0
Arunachal Pradesh,Wheat,Rabi,634.9,622.9,3381.5,5.43
Tamil Nadu,Sugarcane,Kharif,842.0,3145.4,280367.3,89.13
Uttar Pradesh,Groundnut,Kharif,554.3,1986.8,4218.2,2.12
Tamil Nadu,Wheat,Rabi,789.3,4668.5,22452.1,4.81
Sikkim,Potato,Rabi,536.4,1391.4,45916.3,33.0
Punjab,Rice,Kharif,1798.4,1804.1,7076.3,3.92
Arunachal Pradesh,Cotton,Kharif,910.9,3272.0,8807.3,2.69
Assam,Maize,Kharif,825.1,295.7,1448.8,4.9
Odisha,Wheat,Rabi,739.2,2350.8,12517.9,5.32
Chhattisgarh,Barley,Rabi,428.1,1627.1,5648.1,3.47
Sikkim,Sugarcane,Kharif,772.7,1864.3,175389.5,94.08
Jharkhand,Sugarcane,Kharif,1090.8,1413.9,140886.8,99.64
Haryana,Sugarcane,Kharif,837.8,295.0,26813.6,90.89
Chhattisgarh,Maize,Kharif,934.8,477.1,1982.1,4.15
Sikkim,Soybean,Kharif,800.4,772.4,1632.5,2.11
Tripura,Mustard,Rabi,373.0,1777.7,3003.2,1.69
Meghalaya,Barley,Rabi,327.4,2953.9,9643.2,3.26
Meghalaya,Cotton,Kharif,594.1,4217.7,10618.5,2.52
Meghalaya,Soybean,Kharif,619.6,4115.5,7289.2,1.77
Andhra Pradesh,Barley,Rabi,404.9,2945.7,10486.9,3.56
Tamil Nadu,Sugarcane,Kharif,1682.4,1490.6,136406.6,91.51
Uttar Pradesh,Wheat,Rabi,686.7,1002.1,5823.5,5.81
Sikkim,Maize,Kharif,801.1,3906.8,16810.0,4.3
Uttar Pradesh,Potato,Rabi,664.2,4756.5,149763.7,31.49
Punjab,Rice,Kharif,917.3,261.8,1220.6,4.66
Madhya Pradesh,Barley,Rabi,350.0,2522.4,8219.2,3.26
Uttar Pradesh,Rice,Kharif,913.2,4882.8,23668.2,4.85
Bihar,Mustard,Rabi,344.0,3448.8,5554.1,1.61
Karnataka,Rice,Kharif,1579.3,2295.1,11202.9,4.88
Assam,Potato,Rabi,400.9,1368.9,37543.8,27.43
Mizoram,Potato,Rabi,478.7,1107.5,34849.5,31.47
Gujarat,Cotton,Kharif,772.8,2398.4,7512.2,3.13
Assam,Soybean,Kharif,734.3,2622.4,5495.2,2.1
Odisha,Rice,Kharif,996.5,4216.1,20637.6,4.89
Bihar,Cotton,Kharif,543.4,908.2,2129.0,2.34
Meghalaya,Barley,Rabi,409.8,2601.5,8306.7,3.19
Odisha,Barley,Rabi,427.4,998.8,3244.8,3.25
Meghalaya,Rice,Kharif,1787.0,624.4,2973.7,4.76
Odisha,Sugarcane,Kharif,1598.8,2497.3,215602.7,86.34
Maharashtra,Groundnut,Kharif,531.3,4708.4,9998.0,2.12
Chhattisgarh,Potato,Rabi,695.0,429.7,11312.9,26.33
Himachal Pradesh,Barley,Rabi,301.1,3977.7,9777.1,2.46
Manipur,Cotton,Kharif,813.4,4132.7,10829.0,2.62
Meghalaya,Maize,Kharif,702.6,4116.4,18683.4,4.54
Tripura,Barley,Rabi,363.4,3348.0,10304.5,3.08
West Bengal,Cotton,Kharif,957.9,4889.4,12209.0,2.5
Himachal Pradesh,Potato,Rabi,465.5,590.8,15446.9,26.15
Kerala,Maize,Kharif,601.9,2152.8,8355.0,3.88
Bihar,Barley,Rabi,512.7,774.9,2799.1,3.61
Tamil Nadu,Barley,Rabi,305.6,3953.9,10612.0,2.68
Nagaland,Sugarcane,Kharif,1190.5,3686.2,372084.4,100.94
Karnataka,Barley,Rabi,525.9,1569.4,5183.9,3.3
Assam,Potato,Rabi,654.0,1789.4,56284.8,31.46
West Bengal,Potato,Rabi,756.4,4560.1,126919.1,27.83
Nagaland,Sugarcane,Kharif,1389.4,3254.2,275293.0,84.6
Rajasthan,Wheat,Rabi,570.8,4799.5,24286.7,5.06
Odisha,Cotton,Kharif,858.7,1782.6,5326.5,2.99
Haryana,Maize,Kharif,504.3,2638.3,8158.7,3.09
Jharkhand,Groundnut,Kharif,798.6,4402.1,10051.4,2.28
Andhra Pradesh,Groundnut,Kharif,653.2,439.6,978.3,2.23
Mizoram,Potato,Rabi,639.1,242.9,7352.5,30.27
Karnataka,Groundnut,Kharif,521.2,2263.4,4876.6,2.15
Mizoram,Soybean,Kharif,716.4,4531.8,10819.4,2.39
Jharkhand,Mustard,Rabi,478.2,1166.9,2152.9,1.85
Uttar Pradesh,Soybean,Kharif,932.7,2485.5,4835.3,1.95
Kerala,Maize,Kharif,818.5,4656.7,21996.2,4.72
Rajasthan,Barley,Rabi,354.5,348.9,1049.7,3.01
Punjab,Wheat,Rabi,748.6,4290.3,23060.1,5.37
Tamil Nadu,Rice,Kharif,1543.4,1601.6,8272.4,5.17
Kerala,Sugarcane,Kharif,1760.9,123.9,9765.9,78.85
Nagaland,Barley,Rabi,399.3,4941.3,15781.5,3.19
Assam,Soybean,Kharif,893.0,1478.3,3142.4,2.13
West Bengal,Potato,Rabi,770.0,607.8,14953.1,24.6
Odisha,Wheat,Rabi,544.1,4903.3,28538.0,5.82
Uttar Pradesh,Barley,Rabi,309.5,3202.1,8581.0,2.68
Nagaland,Barley,Rabi,487.1,281.9,887.5,3.15
West Bengal,Rice,Kharif,1717.0,4688.8,19351.1,4.13
Kerala,Groundnut,Kharif,816.5,1516.8,3261.4,2.15
Karnataka,Sugarcane,Kharif,754.8,2734.1,209180.0,76.51
Andhra Pradesh,Groundnut,Kharif,758.1,3363.1,7415.1,2.2
Rajasthan,Potato,Rabi,405.3,2351.9,59177.5,25.16
Goa,Cotton,Kharif,842.2,832.0,2404.6,2.89
Andhra Pradesh,Rice,Kharif,1055.1,3104.3,17428.8,5.61
Tripura,Barley,Rabi,588.7,1340.7,3882.3,2.9
Manipur,Soybean,Kharif,927.1,2559.2,5527.4,2.16
Telangana,Mustard,Rabi,526.0,538.4,872.7,1.62
Kerala,Potato,Rabi,742.5,544.5,13936.8,25.59
Telangana,Barley,Rabi,330.6,4524.1,12189.1,2.69
Manipur,Cotton,Kharif,548.3,1668.3,4033.4,2.42
Jharkhand,Mustard,Rabi,540.7,1516.8,2375.2,1.57
Assam,Potato,Rabi,680.1,618.4,18989.6,30.71
Mizoram,Rice,Kharif,1633.2,2724.9,15309.5,5.62
Punjab,Maize,Kharif,898.4,4046.8,16112.2,3.98
Maharashtra,Rice,Kharif,1648.7,2906.6,14065.4,4.84
Uttarakhand,Soybean,Kharif,917.6,1736.8,3260.0,1.88
Bihar,Potato,Rabi,495.5,2357.3,72620.4,30.81
Mizoram,Groundnut,Kharif,629.3,2803.4,6765.3,2.41
Kerala,Maize,Kharif,723.7,1293.0,6270.4,4.85
Telangana,Cotton,Kharif,865.5,3353.8,8377.1,2.5
Goa,Maize,Kharif,744.6,4593.7,19661.1,4.28
Manipur,Potato,Rabi,727.3,999.5,28758.0,28.77
Uttar Pradesh,Mustard,Rabi,356.7,1248.4,1931.8,1.55
Uttar Pradesh,Mustard,Rabi,583.1,1943.7,3046.1,1.57
Punjab,Wheat,Rabi,494.5,286.4,1420.6,4.96
Sikkim,Potato,Rabi,611.2,639.4,17634.3,27.58
Karnataka,Rice,Kharif,1608.1,1494.9,7484.6,5.01
Chhattisgarh,Sugarcane,Kharif,1531.9,479.7,43510.7,90.71
Arunachal Pradesh,Cotton,Kharif,551.2,4028.9,10142.3,2.52
Karnataka,Mustard,Rabi,594.3,678.2,1042.6,1.54
Nagaland,Groundnut,Kharif,538.1,949.6,1815.3,1.91
Gujarat,Mustard,Rabi,356.2,3742.4,5236.5,1.4
Karnataka,Maize,Kharif,832.8,402.2,1781.4,4.43
Haryana,Barley,Rabi,361.4,3282.8,10800.6,3.29
Nagaland,Rice,Kharif,1314.0,4439.2,22528.1,5.07
Maharashtra,Maize,Kharif,941.2,1725.1,6822.9,3.95
Manipur,Groundnut,Kharif,703.1,1281.2,3182.9,2.48
Maharashtra,Soybean,Kharif,718.9,813.6,1519.9,1.87
Chhattisgarh,Mustard,Rabi,492.8,863.7,1630.5,1.89
Andhra Pradesh,Wheat,Rabi,744.8,455.4,2112.3,4.64
West Bengal,Groundnut,Kharif,661.0,4744.5,12728.4,2.68
West Bengal,Wheat,Rabi,560.4,3440.7,19693.7,5.72
Sikkim,Sugarcane,Kharif,1141.1,851.7,78361.1,92.0
Gujarat,Potato,Rabi,460.6,3565.4,104780.9,29.39
West Bengal,Groundnut,Kharif,646.7,4931.1,10688.1,2.17
Nagaland,Barley,Rabi,473.6,2815.1,10826.3,3.85
Manipur,Potato,Rabi,788.8,2014.4,45187.9,22.43
Tamil Nadu,Groundnut,Kharif,537.9,3728.5,7578.8,2.03
Meghalaya,Maize,Kharif,803.4,522.1,2171.4,4.16
Odisha,Groundnut,Kharif,569.6,188.6,416.3,2.21
Bihar,Maize,Kharif,518.6,2646.5,10778.6,4.07
Chhattisgarh,Barley,Rabi,438.6,349.2,1344.3,3.85
Goa,Mustard,Rabi,569.9,2318.5,4040.3,1.74
Jharkhand,Wheat,Rabi,786.6,3147.5,15750.1,5.0
Andhra Pradesh,Soybean,Kharif,678.0,3596.7,8013.4,2.23
Andhra Pradesh,Mustard,Rabi,342.5,2723.8,3925.6,1.44
Jharkhand,Wheat,Rabi,556.0,3540.6,20295.4,5.73
Arunachal Pradesh,Soybean,Kharif,913.2,2477.8,4754.4,1.92
Mizoram,Soybean,Kharif,826.2,4454.3,10032.4,2.25
Maharashtra,Cotton,Kharif,864.2,1776.7,4864.8,2.74
Mizoram,Sugarcane,Kharif,1046.0,1864.0,158843.4,85.22
Punjab,Barley,Rabi,427.9,3376.5,11865.3,3.51
Himachal Pradesh,Maize,Kharif,841.3,2165.4,9958.1,4.6
Maharashtra,Groundnut,Kharif,550.3,3836.0,7986.7,2.08
Kerala,Mustard,Rabi,331.6,4143.7,6829.5,1.65
Gujarat,Soybean,Kharif,765.7,1414.4,3273.2,2.31
Uttarakhand,Groundnut,Kharif,707.3,4845.3,10993.7,2.27
Haryana,Barley,Rabi,437.5,3400.7,13092.6,3.85
Bihar,Barley,Rabi,439.7,2952.5,9094.2,3.08
Uttarakhand,Mustard,Rabi,451.1,3353.7,6267.6,1.87
Himachal Pradesh,Groundnut,Kharif,874.2,4842.5,11231.5,2.32
Karnataka,Soybean,Kharif,840.2,236.4,525.1,2.22
Assam,Groundnut,Kharif,793.2,3278.8,7708.3,2.35
Punjab,Rice,Kharif,1524.1,1461.7,8843.1,6.05
Uttarakhand,Mustard,Rabi,432.2,1097.2,2171.2,1.98
Punjab,Rice,Kharif,1494.3,215.6,1172.3,5.44
Goa,Sugarcane,Kharif,1029.2,1028.6,99514.0,96.74
Manipur,Barley,Rabi,393.3,3897.1,14189.8,3.64
Gujarat,Wheat,Rabi,729.1,604.2,2958.0,4.9
Chhattisgarh,Wheat,Rabi,585.5,2515.2,14066.2,5.59
Punjab,Soybean,Kharif,893.9,3127.5,5945.3,1.9
Punjab,Sugarcane,Kharif,1116.5,4383.4,456696.1,104.19
Sikkim,Soybean,Kharif,608.4,2742.0,5014.0,1.83
Karnataka,Soybean,Kharif,793.7,2803.3,5453.1,1.95
Arunachal Pradesh,Wheat,Rabi,798.9,1037.1,4599.9,4.44
Tripura,Maize,Kharif,615.2,4911.3,21392.6,4.36
Kerala,Rice,Kharif,1753.4,1847.4,8644.6,4.68
Uttarakhand,Rice,Kharif,1589.7,4137.1,22316.0,5.39
Goa,Soybean,Kharif,987.6,673.6,1238.4,1.84
Sikkim,Sugarcane,Kharif,1500.3,1863.0,178141.3,95.62
Odisha,Soybean,Kharif,645.0,902.0,1658.1,1.84
Mizoram,Potato,Rabi,682.4,2004.5,54275.5,27.08
Rajasthan,Sugarcane,Kharif,1680.4,4818.5,403675.3,83.78
Gujarat,Rice,Kharif,1785.0,276.2,1300.3,4.71
Assam,Cotton,Kharif,885.7,356.4,1100.4,3.09
Meghalaya,Rice,Kharif,1661.0,2591.5,13945.7,5.38
Madhya Pradesh,Wheat,Rabi,523.3,2411.3,12578.3,5.22
Meghalaya,Groundnut,Kharif,526.7,221.6,533.1,2.41
Odisha,Groundnut,Kharif,646.1,4638.3,12560.6,2.71
Uttar Pradesh,Groundnut,Kharif,870.1,2548.4,5808.7,2.28
Karnataka,Groundnut,Kharif,785.8,1748.3,4294.1,2.46
Gujarat,Barley,Rabi,325.8,2563.6,7828.5,3.05
Nagaland,Potato,Rabi,576.8,141.6,4284.3,30.25
Nagaland,Barley,Rabi,513.9,359.4,1182.3,3.29
Bihar,Sugarcane,Kharif,1669.6,3414.7,291746.4,85.44
Bihar,Cotton,Kharif,909.4,3314.4,8529.0,2.57
Tamil Nadu,Barley,Rabi,524.3,3220.4,10409.6,3.23
Maharashtra,Mustard,Rabi,381.2,2887.7,4738.6,1.64
Tripura,Maize,Kharif,971.0,2110.5,8460.4,4.01
Uttarakhand,Rice,Kharif,1158.3,1845.6,9000.6,4.88
Maharashtra,Mustard,Rabi,508.5,4554.4,7603.8,1.67
Kerala,Rice,Kharif,1301.7,4727.9,26031.7,5.51
Karnataka,Barley,Rabi,457.0,4689.2,14934.6,3.18
Karnataka,Groundnut,Kharif,847.8,1314.3,2957.0,2.25
Goa,Rice,Kharif,991.7,2558.3,12696.4,4.96
Odisha,Mustard,Rabi,334.0,2476.9,3605.6,1.46
Jharkhand,Rice,Kharif,1636.5,2823.8,13223.6,4.68
Gujarat,Groundnut,Kharif,664.8,3362.2,7806.4,2.32
Nagaland,Barley,Rabi,491.8,518.5,1717.7,3.31
West Bengal,Wheat,Rabi,714.7,2523.5,14219.2,5.63
Assam,Mustard,Rabi,380.3,535.0,908.9,1.7
Nagaland,Wheat,Rabi,562.2,1272.9,6329.4,4.97
Arunachal Pradesh,Potato,Rabi,459.9,1859.1,45549.8,24.5
Odisha,Wheat,Rabi,585.8,1598.2,9622.0,6.02
Bihar,Soybean,Kharif,757.8,4379.2,10398.5,2.37
Karnataka,Mustard,Rabi,549.2,3076.6,4844.9,1.57
Madhya Pradesh,Mustard,Rabi,562.3,3786.5,5346.2,1.41
Assam,Sugarcane,Kharif,1282.5,1557.2,143412.9,92.1
Karnataka,Maize,Kharif,536.4,4035.7,16707.8,4.14
Jharkhand,Potato,Rabi,664.7,4063.4,112366.0,27.65
Arunachal Pradesh,Rice,Kharif,1414.1,2350.8,13201.8,5.62
Mizoram,Rice,Kharif,1736.9,3341.2,15369.6,4.6
Haryana,Cotton,Kharif,749.1,161.6,472.7,2.92
Goa,Maize,Kharif,852.7,2396.1,9634.6,4.02
Meghalaya,Rice,Kharif,1698.2,184.7,1000.2,5.42
Andhra Pradesh,Wheat,Rabi,732.5,1195.7,6016.1,5.03
Tripura,Potato,Rabi,537.8,118.8,3251.0,27.37
Uttarakhand,Mustard,Rabi,581.5,654.9,896.4,1.37
West Bengal,Maize,Kharif,930.9,2833.6,10762.1,3.8
Himachal Pradesh,Groundnut,Kharif,534.6,2303.0,4174.9,1.81
Himachal Pradesh,Soybean,Kharif,828.9,882.8,2112.3,2.39
Goa,Sugarcane,Kharif,1013.7,4538.2,439039.5,96.74
Maharashtra,Cotton,Kharif,616.1,4363.1,13027.7,2.99
Meghalaya,Soybean,Kharif,841.4,868.9,2011.6,2.32
Chhattisgarh,Wheat,Rabi,655.9,3034.5,15677.2,5.17
West Bengal,Cotton,Kharif,937.4,4045.0,11013.2,2.72
Meghalaya,Rice,Kharif,1395.5,1652.9,9613.1,5.82
Meghalaya,Rice,Kharif,1129.2,1020.8,5741.4,5.62
Mizoram,Rice,Kharif,988.8,2723.5,12721.2,4.67
Mizoram,Barley,Rabi,427.9,1650.7,5697.3,3.45
Chhattisgarh,Soybean,Kharif,620.8,741.3,1160.6,1.57
Bihar,Cotton,Kharif,966.3,3577.9,10052.2,2.81
Tamil Nadu,Potato,Rabi,772.9,393.6,10603.5,26.94
Jharkhand,Rice,Kharif,1264.5,536.1,3243.7,6.05
Rajasthan,Mustard,Rabi,580.5,3385.2,4735.3,1.4
Karnataka,Cotton,Kharif,792.8,3624.1,10961.5,3.02
Arunachal Pradesh,Potato,Rabi,605.8,2586.8,73672.3,28.48
Goa,Cotton,Kharif,613.4,4551.2,14232.4,3.13
Odisha,Rice,Kharif,996.5,1208.1,5580.8,4.62
Tripura,Maize,Kharif,907.3,1083.1,4307.0,3.98
Manipur,Barley,Rabi,353.9,506.3,1633.3,3.23
Rajasthan,Soybean,Kharif,731.4,2443.6,5014.4,2.05
Goa,Soybean,Kharif,907.5,1676.3,3146.8,1.88
Assam,Potato,Rabi,402.0,620.8,17180.6,27.68
Mizoram,Maize,Kharif,755.0,4491.6,19942.1,4.44
Uttar Pradesh,Mustard,Rabi,301.1,2166.7,2693.5,1.24
Odisha,Mustard,Rabi,311.3,4272.3,6547.9,1.53
Rajasthan,Sugarcane,Kharif,764.0,3277.4,297676.2,90.83
Maharashtra,Cotton,Kharif,689.7,4678.6,14728.8,3.15
Meghalaya,Sugarcane,Kharif,1635.6,2792.2,273311.6,97.88
Himachal Pradesh,Cotton,Kharif,824.6,558.2,1656.8,2.97
West Bengal,Potato,Rabi,451.5,2428.3,73492.5,30.26
Uttar Pradesh,Sugarcane,Kharif,1121.0,2734.6,276487.7,101.11
Meghalaya,Cotton,Kharif,536.2,4423.0,9975.8,2.26
Madhya Pradesh,Wheat,Rabi,535.0,4449.0,25205.6,5.67
Maharashtra,Sugarcane,Kharif,1022.1,2593.8,227902.9,87.86
Sikkim,Rice,Kharif,1772.1,3487.4,17345.6,4.97
Andhra Pradesh,Groundnut,Kharif,545.0,2927.6,5830.2,1.99
Maharashtra,Mustard,Rabi,555.0,1832.5,2727.3,1.49
Telangana,Barley,Rabi,501.7,3633.5,12048.3,3.32
Tripura,Barley,Rabi,552.8,871.1,2519.1,2.89
Meghalaya,Cotton,Kharif,901.1,3500.0,8571.0,2.45
Sikkim,Cotton,Kharif,789.9,3145.4,9691.2,3.08
Uttarakhand,Barley,Rabi,356.0,3857.2,13447.8,3.49
Tripura,Mustard,Rabi,413.0,4048.9,7108.2,1.76
Gujarat,Potato,Rabi,476.6,4341.7,118201.7,27.23
Himachal Pradesh,Maize,Kharif,947.1,4307.9,15316.3,3.56
Madhya Pradesh,Mustard,Rabi,420.5,3690.2,6083.2,1.65
Bihar,Rice,Kharif,902.6,3217.1,12348.8,3.84
Madhya Pradesh,Wheat,Rabi,798.9,4328.5,18004.6,4.16
Tripura,Sugarcane,Kharif,1134.3,199.7,19936.3,99.85
Andhra Pradesh,Rice,Kharif,1338.4,2683.6,15858.7,5.91
Assam,Maize,Kharif,741.9,1310.1,5908.1,4.51
Andhra Pradesh,Potato,Rabi,764.3,2649.1,76113.9,28.73
Kerala,Mustard,Rabi,435.0,4630.0,7704.2,1.66
Tamil Nadu,Rice,Kharif,912.1,4867.5,18892.2,3.88
Rajasthan,Potato,Rabi,722.2,1363.3,33622.8,24.66
Punjab,Wheat,Rabi,676.8,3304.6,15748.9,4.77
Uttarakhand,Soybean,Kharif,723.9,1847.9,3438.3,1.86
Chhattisgarh,Wheat,Rabi,679.0,4841.9,24848.6,5.13
Kerala,Sugarcane,Kharif,1798.1,2481.6,221842.2,89.39
Himachal Pradesh,Potato,Rabi,611.2,3647.5,119535.1,32.77
Chhattisgarh,Groundnut,Kharif,542.0,1624.1,3669.5,2.26
Manipur,Barley,Rabi,303.2,655.0,1900.4,2.9
Madhya Pradesh,Mustard,Rabi,460.2,445.3,863.3,1.94
Mizoram,Barley,Rabi,397.4,1485.1,5274.5,3.55
Uttar Pradesh,Mustard,Rabi,501.4,4347.6,7296.0,1.68
Himachal Pradesh,Groundnut,Kharif,794.5,3315.4,8313.9,2.51
Rajasthan,Cotton,Kharif,523.2,2577.7,6655.9,2.58
Rajasthan,Rice,Kharif,1175.6,1272.4,7045.1,5.54
Rajasthan,Soybean,Kharif,928.2,3681.5,6971.4,1.89
Himachal Pradesh,Sugarcane,Kharif,1510.8,4336.3,355306.1,81.94
Tamil Nadu,Maize,Kharif,855.6,1385.8,5312.0,3.83
Telangana,Maize,Kharif,689.2,574.4,2765.1,4.81
Uttar Pradesh,Mustard,Rabi,436.8,2478.9,4299.4,1.73
Tripura,Maize,Kharif,796.3,2559.5,10887.8,4.25
Uttar Pradesh,Mustard,Rabi,468.0,4082.4,7059.0,1.73
Tamil Nadu,Cotton,Kharif,565.5,4669.0,12986.9,2.78
Nagaland,Maize,Kharif,684.5,4676.5,18412.2,3.94
Chhattisgarh,Groundnut,Kharif,675.4,2159.6,5719.6,2.65
Gujarat,Mustard,Rabi,570.8,626.3,1032.8,1.65
Mizoram,Cotton,Kharif,505.7,4869.6,11779.5,2.42
Madhya Pradesh,Potato,Rabi,758.0,145.6,4265.1,29.29
Gujarat,Potato,Rabi,617.6,2419.8,70552.6,29.16
Assam,Soybean,Kharif,947.5,4537.4,9277.9,2.04
Gujarat,Cotton,Kharif,766.0,330.6,933.2,2.82
Uttarakhand,Groundnut,Kharif,845.1,4580.3,9306.4,2.03
Nagaland,Soybean,Kharif,851.4,1344.8,2854.9,2.12
Telangana,Potato,Rabi,688.1,3382.8,94432.9,27.92
Madhya Pradesh,Soybean,Kharif,922.4,1038.3,1818.2,1.75
Nagaland,Cotton,Kharif,742.4,3243.7,9422.0,2.9
Gujarat,Potato,Rabi,572.1,1577.1,51300.2,32.53
West Bengal,Rice,Kharif,1793.3,4141.7,19166.1,4.63
Tripura,Rice,Kharif,1734.9,2818.6,14925.6,5.3
Kerala,Sugarcane,Kharif,1758.1,2979.7,249116.4,83.61
Assam,Rice,Kharif,1487.9,4834.5,24731.0,5.12
Himachal Pradesh,Mustard,Rabi,489.1,452.7,789.9,1.74
Nagaland,Maize,Kharif,857.0,2071.7,8646.2,4.17
Chhattisgarh,Potato,Rabi,610.6,4947.8,139596.3,28.21
Sikkim,Wheat,Rabi,605.0,1305.4,7897.7,6.05
Mizoram,Barley,Rabi,420.8,3341.8,10930.1,3.27
Uttarakhand,Barley,Rabi,356.5,495.5,1439.3,2.9
Rajasthan,Potato,Rabi,713.4,4165.5,128528.1,30.86
Tamil Nadu,Rice,Kharif,1361.3,2329.3,11771.3,5.05
Sikkim,Sugarcane,Kharif,1477.3,2531.8,256621.6,101.36
Meghalaya,Sugarcane,Kharif,885.3,4926.2,459235.1,93.22
Madhya Pradesh,Potato,Rabi,478.8,2749.0,82457.5,30.0
Chhattisgarh,Wheat,Rabi,618.0,2516.9,13966.0,5.55
Madhya Pradesh,Wheat,Rabi,631.7,1388.8,6980.7,5.03
Telangana,Maize,Kharif,681.4,3448.8,14098.7,4.09
Odisha,Soybean,Kharif,669.9,1694.5,3883.7,2.29
Andhra Pradesh,Rice,Kharif,1213.7,492.4,2825.8,5.74
Meghalaya,Sugarcane,Kharif,767.8,1324.5,102210.3,77.17
Nagaland,Rice,Kharif,1521.6,2082.1,11419.7,5.48
Chhattisgarh,Cotton,Kharif,756.6,538.6,1593.2,2.96
Bihar,Groundnut,Kharif,642.3,1593.7,3892.6,2.44
Punjab,Wheat,Rabi,752.4,3119.6,14384.4,4.61
Manipur,Sugarcane,Kharif,906.8,827.6,75838.7,91.64
Rajasthan,Cotton,Kharif,763.6,998.7,3091.8,3.1
Uttar Pradesh,Rice,Kharif,1707.1,1214.9,5491.9,4.52
Andhra Pradesh,Cotton,Kharif,563.7,3568.9,9263.3,2.6
Rajasthan,Barley,Rabi,376.8,669.7,2355.4,3.52
Rajasthan,Potato,Rabi,574.9,4994.6,143937.8,28.82
West Bengal,Maize,Kharif,702.4,1359.8,5702.0,4.19
Mizoram,Soybean,Kharif,746.9,1979.3,4538.9,2.29
Mizoram,Groundnut,Kharif,833.2,1527.9,3439.3,2.25
Chhattisgarh,Soybean,Kharif,723.4,4283.9,8410.8,1.96
Telangana,Potato,Rabi,617.7,566.0,15187.1,26.83
Punjab,Wheat,Rabi,703.9,4400.8,20231.3,4.6
Telangana,Sugarcane,Kharif,1753.6,4673.3,427629.6,91.5
Sikkim,Groundnut,Kharif,727.8,3376.9,9046.1,2.68
Punjab,Cotton,Kharif,916.4,735.9,1819.4,2.47
Arunachal Pradesh,Potato,Rabi,778.6,4659.2,119286.5,25.6
Punjab,Sugarcane,Kharif,1243.2,3871.2,398496.4,102.94
Nagaland,Cotton,Kharif,774.6,3633.7,11346.1,3.12
Jharkhand,Maize,Kharif,979.6,3968.0,16711.5,4.21
Arunachal Pradesh,Rice,Kharif,1146.6,1982.4,10860.1,5.48
Tripura,Soybean,Kharif,800.1,3536.3,8312.4,2.35
Gujarat,Cotton,Kharif,913.4,3881.7,11457.9,2.95
Punjab,Potato,Rabi,699.4,2349.0,73668.6,31.36
Tripura,Soybean,Kharif,976.7,2552.8,4706.3,1.84
Haryana,Rice,Kharif,1467.5,1024.3,5361.5,5.23
Madhya Pradesh,Cotton,Kharif,764.3,655.6,2151.7,3.28
Andhra Pradesh,Groundnut,Kharif,657.0,4178.0,10233.3,2.45
Tripura,Soybean,Kharif,893.3,3562.9,6687.0,1.88
Meghalaya,Cotton,Kharif,790.4,4591.6,14548.1,3.17
Punjab,Rice,Kharif,1504.6,2145.5,11693.1,5.45
Nagaland,Rice,Kharif,966.8,4216.0,18445.1,4.38
Uttarakhand,Wheat,Rabi,799.2,1233.4,5903.7,4.79
Uttar Pradesh,Sugarcane,Kharif,1035.0,3954.0,344272.1,87.07
Andhra Pradesh,Wheat,Rabi,744.2,4048.2,21874.2,5.4
Maharashtra,Sugarcane,Kharif,896.7,2046.2,199087.1,97.3
Uttarakhand,Cotton,Kharif,819.3,552.1,1470.7,2.66
Assam,Maize,Kharif,673.6,1927.1,8650.2,4.49
Himachal Pradesh,Barley,Rabi,421.8,2683.9,8331.3,3.1
Maharashtra,Maize,Kharif,918.9,4618.0,20415.7,4.42
Nagaland,Groundnut,Kharif,722.8,3804.2,10102.6,2.66
Mizoram,Groundnut,Kharif,548.0,3458.7,7318.0,2.12
Telangana,Wheat,Rabi,501.6,3791.2,16960.0,4.47
Bihar,Sugarcane,Kharif,1436.3,3247.2,304137.8,93.66
Gujarat,Groundnut,Kharif,748.6,1459.4,3635.1,2.49
Meghalaya,Sugarcane,Kharif,1462.1,1777.4,178954.9,100.68
Madhya Pradesh,Mustard,Rabi,458.3,4827.0,9044.7,1.87
Madhya Pradesh,Rice,Kharif,948.1,2696.4,13874.8,5.15
Assam,Mustard,Rabi,521.9,3142.0,5212.6,1.66
Haryana,Rice,Kharif,1412.6,793.5,4541.5,5.72
Assam,Cotton,Kharif,791.2,4498.1,12586.5,2.8
Andhra Pradesh,Cotton,Kharif,855.6,264.4,681.6,2.58
Tamil Nadu,Mustard,Rabi,314.7,2733.2,3743.1,1.37
Himachal Pradesh,Sugarcane,Kharif,1059.4,1469.4,135230.8,92.03
Jharkhand,Sugarcane,Kharif,859.0,368.0,33714.5,91.63
West Bengal,Maize,Kharif,588.7,2878.5,10362.7,3.6
Arunachal Pradesh,Mustard,Rabi,316.4,4051.8,5798.6,1.43
Sikkim,Cotton,Kharif,979.8,1773.7,4436.0,2.5
Goa,Sugarcane,Kharif,1706.1,3058.4,237393.3,77.62
Chhattisgarh,Mustard,Rabi,520.8,2370.6,3853.6,1.63
Himachal Pradesh,Wheat,Rabi,509.9,875.6,4718.6,5.39
Himachal Pradesh,Cotton,Kharif,564.1,1311.3,3238.9,2.47
Maharashtra,Soybean,Kharif,984.6,496.7,886.9,1.79
Madhya Pradesh,Groundnut,Kharif,874.5,4914.6,11076.3,2.25
Nagaland,Soybean,Kharif,751.2,3573.0,6999.8,1.96
Andhra Pradesh,Sugarcane,Kharif,1067.6,1771.1,151260.4,85.4
Gujarat,Maize,Kharif,718.7,3228.4,15518.4,4.81
Manipur,Mustard,Rabi,388.1,4276.9,7344.5,1.72
Madhya Pradesh,Sugarcane,Kharif,1339.6,3296.1,313328.6,95.06
Punjab,Barley,Rabi,300.2,906.2,2683.4,2.96
Kerala,Groundnut,Kharif,605.4,624.3,1281.8,2.05
West Bengal,Wheat,Rabi,539.9,1193.1,5442.6,4.56
Mizoram,Maize,Kharif,551.7,1342.1,5147.6,3.84
Andhra Pradesh,Groundnut,Kharif,862.4,1836.7,3782.0,2.06
Mizoram,Wheat,Rabi,594.1,4726.1,27852.2,5.89
Kerala,Barley,Rabi,417.7,715.1,2408.5,3.37
Bihar,Soybean,Kharif,950.6,3490.1,6486.6,1.86
Mizoram,Barley,Rabi,470.5,429.5,1442.1,3.36
Arunachal Pradesh,Mustard,Rabi,546.2,680.5,1129.3,1.66
Bihar,Barley,Rabi,391.0,3972.3,14416.3,3.63
Haryana,Maize,Kharif,747.8,768.2,3281.6,4.27
Karnataka,Groundnut,Kharif,522.1,145.1,272.5,1.88
Kerala,Barley,Rabi,394.9,1853.4,6901.6,3.72
Gujarat,Wheat,Rabi,743.7,4706.9,20041.6,4.26
Assam,Rice,Kharif,1382.0,3271.4,17702.5,5.41
Punjab,Soybean,Kharif,621.6,2793.1,5176.7,1.85
West Bengal,Maize,Kharif,552.3,1651.4,6848.7,4.15
Meghalaya,Rice,Kharif,1353.2,2263.5,12996.1,5.74
Sikkim,Maize,Kharif,924.4,4436.1,17932.4,4.04
Jharkhand,Rice,Kharif,1099.0,4035.4,19455.8,4.82
Kerala,Rice,Kharif,1792.9,2511.9,10049.8,4.0
Karnataka,Mustard,Rabi,423.9,341.6,634.6,1.86
Andhra Pradesh,Rice,Kharif,1120.3,3589.2,20128.7,5.61
Sikkim,Cotton,Kharif,658.0,3204.0,8615.8,2.69
Nagaland,Sugarcane,Kharif,1549.8,3023.9,253270.2,83.75
Telangana,Soybean,Kharif,778.0,1821.8,3688.9,2.02
Goa,Mustard,Rabi,409.1,3162.2,5627.9,1.78
Maharashtra,Potato,Rabi,772.8,4756.0,115095.7,24.2
Gujarat,Potato,Rabi,641.2,3379.8,89919.2,26.6
West Bengal,Groundnut,Kharif,560.1,4406.5,8904.1,2.02
Telangana,Cotton,Kharif,991.0,4685.5,12573.4,2.68
Chhattisgarh,Maize,Kharif,629.6,275.9,1082.7,3.92
Gujarat,Rice,Kharif,1729.6,1081.7,5502.2,5.09
Assam,Mustard,Rabi,392.9,1683.0,2977.5,1.77
Assam,Soybean,Kharif,863.9,3082.1,6113.2,1.98
Nagaland,Barley,Rabi,588.3,1371.8,4086.3,2.98
Tamil Nadu,Barley,Rabi,511.6,4956.2,17162.5,3.46
Telangana,Barley,Rabi,421.4,4123.3,12366.1,3.0
Arunachal Pradesh,Mustard,Rabi,502.2,2054.2,3281.1,1.6
Kerala,Soybean,Kharif,760.6,4036.0,8466.5,2.1
Sikkim,Potato,Rabi,689.2,2986.9,78358.8,26.23
Himachal Pradesh,Cotton,Kharif,872.6,152.3,386.4,2.54
Haryana,Groundnut,Kharif,822.4,635.5,1342.8,2.11
Rajasthan,Maize,Kharif,635.7,1797.7,8475.2,4.71
Kerala,Groundnut,Kharif,891.9,3566.9,6526.5,1.83
Assam,Rice,Kharif,1683.2,723.8,3197.1,4.42
Tripura,Barley,Rabi,588.1,1747.9,5193.0,2.97
Bihar,Sugarcane,Kharif,1228.7,3195.7,313788.9,98.19
Punjab,Cotton,Kharif,974.3,2300.7,4863.9,2.11
Uttar Pradesh,Groundnut,Kharif,674.2,3690.3,8945.4,2.42
Tamil Nadu,Barley,Rabi,375.0,2481.7,8019.4,3.23
Tamil Nadu,Rice,Kharif,1599.9,4475.5,24842.8,5.55
Bihar,Maize,Kharif,975.3,2970.7,11679.8,3.93
Goa,Potato,Rabi,612.9,506.9,16727.4,33.0
West Bengal,Rice,Kharif,1122.8,4776.5,26221.1,5.49
West Bengal,Groundnut,Kharif,884.9,1067.6,2213.1,2.07
Uttar Pradesh,Sugarcane,Kharif,1453.3,3727.5,301958.0,81.01
Himachal Pradesh,Maize,Kharif,585.9,1520.9,6193.4,4.07
Rajasthan,Sugarcane,Kharif,829.7,3914.0,346253.9,88.46
Arunachal Pradesh,Soybean,Kharif,988.4,3439.2,5912.7,1.72
Chhattisgarh,Cotton,Kharif,807.9,2135.9,6757.3,3.16
Odisha,Potato,Rabi,549.6,208.8,6813.7,32.63
Uttarakhand,Mustard,Rabi,534.4,1064.1,1741.0,1.64
Uttarakhand,Mustard,Rabi,512.0,4362.7,7281.0,1.67
Goa,Sugarcane,Kharif,1228.1,547.1,52067.8,95.16
Sikkim,Groundnut,Kharif,822.3,4934.8,10186.8,2.06
Andhra Pradesh,Cotton,Kharif,825.4,4557.7,12624.7,2.77
Andhra Pradesh,Mustard,Rabi,359.4,376.4,541.6,1.44
Manipur,Groundnut,Kharif,617.9,4955.8,10236.3,2.07
Telangana,Groundnut,Kharif,581.9,1718.5,3650.7,2.12
West Bengal,Soybean,Kharif,758.0,1651.8,3398.8,2.06
Telangana,Mustard,Rabi,470.1,113.9,206.8,1.82
Andhra Pradesh,Wheat,Rabi,488.8,4739.5,21999.3,4.64
Tripura,Wheat,Rabi,756.2,4906.8,26378.5,5.38
Meghalaya,Sugarcane,Kharif,1687.9,3474.4,307861.5,88.61
Manipur,Sugarcane,Kharif,1506.7,1043.6,103325.6,99.0
Gujarat,Maize,Kharif,670.9,3831.1,15627.1,4.08
Uttarakhand,Soybean,Kharif,601.8,2681.1,4375.7,1.63
Rajasthan,Sugarcane,Kharif,811.9,2321.0,180924.5,77.95
Manipur,Sugarcane,Kharif,1095.9,298.9,29529.8,98.79
Assam,Cotton,Kharif,895.4,1311.3,3781.4,2.88
Uttar Pradesh,Mustard,Rabi,354.2,1705.5,2563.3,1.5
Rajasthan,Mustard,Rabi,449.3,3063.5,5603.1,1.83
Chhattisgarh,Barley,Rabi,508.8,629.0,1954.5,3.11
Gujarat,Potato,Rabi,754.3,978.6,27057.4,27.65
Telangana,Barley,Rabi,307.5,4070.8,11843.0,2.91
Odisha,Potato,Rabi,668.9,3944.2,121412.0,30.78
Telangana,Sugarcane,Kharif,1273.0,4167.9,416272.2,99.87
Haryana,Soybean,Kharif,611.3,3572.5,6579.5,1.84
Manipur,Sugarcane,Kharif,744.4,975.3,75946.0,77.87
Odisha,Maize,Kharif,754.3,1563.5,6753.0,4.32
Tamil Nadu,Barley,Rabi,524.0,2525.4,9351.8,3.7
Gujarat,Barley,Rabi,508.9,4144.0,12734.1,3.07
Meghalaya,Mustard,Rabi,570.9,2376.5,3928.3,1.65
Goa,Sugarcane,Kharif,1583.4,4710.7,410813.7,87.21
Karnataka,Rice,Kharif,1316.4,4125.7,24939.8,6.04
Kerala,Groundnut,Kharif,505.0,4187.3,9190.9,2.19
Jharkhand,Rice,Kharif,1077.6,1481.5,7139.2,4.82
Rajasthan,Soybean,Kharif,811.1,150.7,364.7,2.42
Chhattisgarh,Sugarcane,Kharif,1474.3,4842.5,470272.9,97.11
Mizoram,Groundnut,Kharif,545.2,3743.4,6925.9,1.85
Assam,Wheat,Rabi,585.8,1211.5,5882.5,4.86
Assam,Groundnut,Kharif,669.4,4277.4,10791.5,2.52
West Bengal,Soybean,Kharif,990.2,3015.7,4859.4,1.61
Odisha,Groundnut,Kharif,806.7,416.2,1057.3,2.54
Bihar,Soybean,Kharif,743.1,4055.3,8375.7,2.07
Chhattisgarh,Sugarcane,Kharif,1048.7,4179.2,417154.1,99.82
Goa,Groundnut,Kharif,669.6,107.8,246.3,2.29
Uttarakhand,Rice,Kharif,1209.7,4780.7,28923.2,6.05
West Bengal,Mustard,Rabi,471.2,834.3,1615.2,1.94
Chhattisgarh,Cotton,Kharif,626.8,4930.7,12727.5,2.58
Meghalaya,Rice,Kharif,927.3,326.7,1540.5,4.72
Tripura,Mustard,Rabi,449.2,3665.8,6380.1,1.74
Punjab,Sugarcane,Kharif,758.4,1374.3,112991.6,82.22
Kerala,Rice,Kharif,1408.6,3400.2,20333.0,5.98
Telangana,Rice,Kharif,1525.3,4730.4,24543.8,5.19
Telangana,Barley,Rabi,359.3,3459.5,12164.9,3.52
Haryana,Rice,Kharif,1379.4,4771.3,26630.6,5.58
Rajasthan,Groundnut,Kharif,623.5,2660.6,6721.9,2.53
Uttar Pradesh,Sugarcane,Kharif,871.2,2501.0,217621.4,87.01
West Bengal,Barley,Rabi,425.9,4711.6,15694.8,3.33
Uttarakhand,Rice,Kharif,1780.2,2822.5,14226.3,5.04
Gujarat,Rice,Kharif,1184.5,4863.9,24781.9,5.1
Uttarakhand,Soybean,Kharif,600.2,4588.1,7723.6,1.68
Mizoram,Sugarcane,Kharif,1672.5,2468.6,208237.9,84.35
Assam,Cotton,Kharif,678.2,2496.8,6536.9,2.62
Tamil Nadu,Sugarcane,Kharif,1427.5,2696.5,235921.5,87.49
Rajasthan,Sugarcane,Kharif,1398.7,188.4,19352.0,102.74
Mizoram,Barley,Rabi,473.1,4783.8,15040.6,3.14
Arunachal Pradesh,Rice,Kharif,1427.3,4040.9,22582.9,5.59
Karnataka,Mustard,Rabi,419.4,2001.8,3530.6,1.76
Kerala,Rice,Kharif,1271.9,3429.8,18795.5,5.48
Manipur,Potato,Rabi,637.5,4497.4,141586.9,31.48
Rajasthan,Barley,Rabi,564.6,2756.0,8441.4,3.06
Jharkhand,Cotton,Kharif,950.0,2000.0,4942.9,2.47
Bihar,Wheat,Rabi,548.2,1413.3,8059.8,5.7
Rajasthan,Wheat,Rabi,680.8,1632.1,8223.9,5.04
Bihar,Rice,Kharif,1624.2,3902.3,17765.4,4.55
Himachal Pradesh,Sugarcane,Kharif,1291.7,3046.8,278082.1,91.27
Madhya Pradesh,Sugarcane,Kharif,772.9,2073.3,165650.0,79.9
Manipur,Potato,Rabi,598.8,2489.8,79353.1,31.87
Sikkim,Barley,Rabi,446.4,1911.3,6145.4,3.22
Tamil Nadu,Sugarcane,Kharif,1165.9,4907.5,470466.5,95.87
Uttar Pradesh,Sugarcane,Kharif,812.4,2953.6,276334.5,93.56
Assam,Maize,Kharif,818.2,1372.1,6470.0,4.72
Haryana,Maize,Kharif,733.6,4483.5,19397.4,4.33
Goa,Maize,Kharif,904.5,3060.9,14174.8,4.63
Uttarakhand,Mustard,Rabi,427.5,1398.7,2311.6,1.65
Tripura,Rice,Kharif,1304.2,1147.3,6239.6,5.44
Karnataka,Maize,Kharif,980.4,649.3,2379.8,3.67
Tripura,Cotton,Kharif,768.6,274.5,725.0,2.64
Punjab,Maize,Kharif,777.1,3564.5,15691.6,4.4
Manipur,Groundnut,Kharif,600.9,394.4,958.3,2.43
Meghalaya,Potato,Rabi,637.6,2054.3,55974.8,27.25
Tamil Nadu,Cotton,Kharif,999.4,3464.2,9053.4,2.61
Odisha,Cotton,Kharif,824.3,3070.4,8792.9,2.86
Andhra Pradesh,Potato,Rabi,663.3,3068.2,84959.6,27.69
Assam,Groundnut,Kharif,735.8,2909.7,7108.9,2.44
West Bengal,Barley,Rabi,548.5,2571.7,7597.3,2.95
Uttarakhand,Soybean,Kharif,627.1,4049.3,7500.8,1.85
West Bengal,Wheat,Rabi,682.4,4428.4,24344.3,5.5
Tripura,Cotton,Kharif,656.6,1178.3,3636.7,3.09
Andhra Pradesh,Maize,Kharif,701.9,962.8,3869.8,4.02
Haryana,Potato,Rabi,500.8,1990.7,54933.7,27.6
Gujarat,Wheat,Rabi,478.0,2151.9,9540.5,4.43
Manipur,Wheat,Rabi,706.9,3125.6,15062.0,4.82
Bihar,Maize,Kharif,740.4,1065.0,5271.6,4.95
Mizoram,Soybean,Kharif,941.8,1705.1,3142.2,1.84
Tripura,Soybean,Kharif,796.8,4503.3,8834.0,1.96
Uttar Pradesh,Soybean,Kharif,628.0,1379.0,2367.5,1.72
Himachal Pradesh,Rice,Kharif,1716.9,2722.7,13776.4,5.06
Goa,Sugarcane,Kharif,1073.1,1465.0,123767.5,84.48
Maharashtra,Potato,Rabi,724.8,2316.1,60873.3,26.28
Tamil Nadu,Sugarcane,Kharif,828.7,656.6,50817.1,77.4
Uttar Pradesh,Sugarcane,Kharif,1761.1,1685.1,134964.3,80.09
Telangana,Wheat,Rabi,625.1,873.4,4920.8,5.63
Odisha,Mustard,Rabi,401.7,1481.8,2477.9,1.67
Maharashtra,Sugarcane,Kharif,1274.1,3366.4,295019.0,87.64
Gujarat,Groundnut,Kharif,838.3,2972.3,6566.3,2.21
Bihar,Groundnut,Kharif,730.8,511.0,1250.8,2.45
Sikkim,Soybean,Kharif,650.9,3286.5,5516.5,1.68
Madhya Pradesh,Soybean,Kharif,936.8,401.6,809.4,2.02
Telangana,Soybean,Kharif,804.6,2962.7,7169.7,2.42
Rajasthan,Rice,Kharif,1217.1,2843.1,14372.2,5.06
Tripura,Wheat,Rabi,456.7,2251.2,10721.1,4.76
Rajasthan,Potato,Rabi,768.0,242.1,6317.8,26.1
Himachal Pradesh,Mustard,Rabi,444.6,2578.1,4437.6,1.72
Uttar Pradesh,Potato,Rabi,744.4,162.5,4605.9,28.34
Maharashtra,Sugarcane,Kharif,1159.8,4593.8,431389.3,93.91
Madhya Pradesh,Wheat,Rabi,451.5,651.3,3287.6,5.05
Uttarakhand,Potato,Rabi,766.0,135.6,3083.1,22.73
Goa,Barley,Rabi,393.3,1435.1,4457.7,3.11
Arunachal Pradesh,Mustard,Rabi,448.2,2935.1,4607.7,1.57
Tamil Nadu,Sugarcane,Kharif,1737.7,4571.7,361917.6,79.17
Uttarakhand,Cotton,Kharif,877.7,3180.7,9477.6,2.98
Himachal Pradesh,Soybean,Kharif,994.6,3907.0,7385.1,1.89
Maharashtra,Soybean,Kharif,686.3,4163.0,8064.4,1.94
Mizoram,Maize,Kharif,555.2,4212.0,16747.4,3.98
Tripura,Barley,Rabi,347.3,705.0,2186.6,3.1
West Bengal,Cotton,Kharif,863.6,1109.6,2882.4,2.6
Nagaland,Cotton,Kharif,544.0,2365.6,6285.4,2.66
West Bengal,Barley,Rabi,559.1,1586.9,5274.9,3.32
Tamil Nadu,Maize,Kharif,890.8,1445.3,6718.8,4.65
Tamil Nadu,Mustard,Rabi,528.6,4388.1,7532.6,1.72
Arunachal Pradesh,Potato,Rabi,624.8,1041.0,29700.6,28.53
Uttarakhand,Barley,Rabi,496.4,3898.3,14572.8,3.74
Mizoram,Sugarcane,Kharif,1284.8,3424.3,308585.7,90.12
Manipur,Rice,Kharif,1254.6,924.3,4503.3,4.87
Kerala,Cotton,Kharif,822.7,3822.6,11337.2,2.97
Telangana,Potato,Rabi,621.4,3512.9,91226.6,25.97
Maharashtra,Maize,Kharif,971.3,1098.2,4284.0,3.9
Bihar,Groundnut,Kharif,750.0,4763.7,10732.4,2.25
Madhya Pradesh,Rice,Kharif,1236.5,4275.5,23932.2,5.6
Goa,Rice,Kharif,1378.9,891.8,4668.8,5.24
Chhattisgarh,Groundnut,Kharif,804.3,4580.8,12325.2,2.69
Maharashtra,Soybean,Kharif,641.5,290.5,571.9,1.97
Tamil Nadu,Potato,Rabi,509.0,2636.4,79300.4,30.08
Tripura,Wheat,Rabi,647.5,4985.3,24693.6,4.95
Gujarat,Wheat,Rabi,548.5,2650.8,12956.4,4.89
Nagaland,Soybean,Kharif,938.4,1137.4,2324.2,2.04
Haryana,Sugarcane,Kharif,1773.7,2046.4,155936.8,76.2
West Bengal,Cotton,Kharif,995.8,1607.8,4198.5,2.61
Karnataka,Wheat,Rabi,743.9,4714.0,25553.3,5.42
Tamil Nadu,Groundnut,Kharif,732.4,4077.9,10868.5,2.67
West Bengal,Mustard,Rabi,439.3,745.9,1244.9,1.67
Arunachal Pradesh,Rice,Kharif,1576.5,2634.0,13394.7,5.09
Telangana,Groundnut,Kharif,787.4,3993.9,9795.9,2.45
Assam,Rice,Kharif,1297.0,3162.6,18632.9,5.89
Sikkim,Sugarcane,Kharif,1582.7,600.2,47165.5,78.59
Jharkhand,Mustard,Rabi,562.1,2310.3,3261.0,1.41
Tripura,Groundnut,Kharif,707.9,711.2,1840.8,2.59
Tamil Nadu,Soybean,Kharif,740.4,4018.4,9531.9,2.37
Goa,Sugarcane,Kharif,1242.4,1270.6,115804.0,91.14
Meghalaya,Rice,Kharif,1461.5,2070.4,11544.3,5.58
Uttarakhand,Mustard,Rabi,465.2,4413.2,7184.6,1.63
Andhra Pradesh,Soybean,Kharif,984.7,3045.3,4917.8,1.61
Telangana,Groundnut,Kharif,880.2,1415.9,2730.8,1.93
Maharashtra,Rice,Kharif,1616.3,3987.2,20884.9,5.24
Uttarakhand,Wheat,Rabi,778.6,934.3,4315.4,4.62
Goa,Maize,Kharif,709.9,408.6,1834.0,4.49
Arunachal Pradesh,Wheat,Rabi,724.6,3240.2,15706.4,4.85
Kerala,Potato,Rabi,484.2,1276.3,34446.9,26.99
Arunachal Pradesh,Barley,Rabi,332.5,2533.1,8224.7,3.25
Jharkhand,Rice,Kharif,1381.4,747.1,3895.5,5.21
Bihar,Groundnut,Kharif,675.4,3046.7,6839.2,2.24
Chhattisgarh,Potato,Rabi,636.1,142.0,4685.6,33.0
Assam,Rice,Kharif,1072.3,2351.5,11042.1,4.7
Telangana,Maize,Kharif,613.4,4922.8,19195.7,3.9
Manipur,Cotton,Kharif,507.8,557.1,1485.3,2.67
Kerala,Cotton,Kharif,576.5,2124.7,5706.2,2.69
Manipur,Groundnut,Kharif,550.4,893.6,1977.2,2.21
Assam,Soybean,Kharif,916.8,4553.7,9386.6,2.06
Himachal Pradesh,Rice,Kharif,957.9,4248.1,19698.1,4.64
Madhya Pradesh,Potato,Rabi,635.7,1405.3,42249.8,30.07
Sikkim,Maize,Kharif,750.7,689.7,3006.4,4.36
Assam,Maize,Kharif,878.7,372.8,1456.7,3.91
Telangana,Mustard,Rabi,305.7,1740.2,2398.8,1.38
Madhya Pradesh,Soybean,Kharif,879.5,2513.4,5544.5,2.21
Nagaland,Sugarcane,Kharif,919.3,1317.8,112209.4,85.15
West Bengal,Maize,Kharif,878.7,4948.6,19969.5,4.04
Haryana,Soybean,Kharif,701.9,975.4,2036.1,2.09
Mizoram,Maize,Kharif,648.2,815.5,3279.7,4.02
Maharashtra,Wheat,Rabi,558.4,3625.4,18876.8,5.21
Himachal Pradesh,Cotton,Kharif,645.1,216.2,649.4,3.0
Goa,Cotton,Kharif,971.5,4119.4,10924.3,2.65
Jharkhand,Cotton,Kharif,897.6,2389.7,7542.2,3.16
Andhra Pradesh,Sugarcane,Kharif,1189.3,2751.7,271059.4,98.51
Kerala,Cotton,Kharif,513.2,1367.4,3524.7,2.58
Uttarakhand,Mustard,Rabi,319.2,4415.3,6043.4,1.37
Gujarat,Cotton,Kharif,632.4,3570.8,10155.1,2.84
Tripura,Potato,Rabi,622.1,3277.8,87663.1,26.74
Uttarakhand,Cotton,Kharif,604.8,3119.5,9633.7,3.09
Nagaland,Maize,Kharif,591.2,1754.8,7804.5,4.45
Haryana,Rice,Kharif,1297.1,1993.8,11656.0,5.85
Chhattisgarh,Sugarcane,Kharif,1349.3,4432.6,447391.9,100.93
Himachal Pradesh,Mustard,Rabi,414.9,3060.6,4962.8,1.62
Andhra Pradesh,Barley,Rabi,495.4,4394.5,16205.9,3.69
Andhra Pradesh,Potato,Rabi,431.3,4193.9,114279.2,27.25
Kerala,Soybean,Kharif,941.7,2154.3,4476.3,2.08
Telangana,Mustard,Rabi,385.5,2703.5,4646.4,1.72
Maharashtra,Sugarcane,Kharif,1570.5,345.3,31124.9,90.13
Madhya Pradesh,Mustard,Rabi,447.9,3304.3,6122.4,1.85
Uttarakhand,Wheat,Rabi,469.9,330.5,1384.8,4.19
Gujarat,Mustard,Rabi,543.8,1761.7,3091.0,1.75
Rajasthan,Sugarcane,Kharif,1338.0,1503.2,150213.4,99.93
Uttarakhand,Soybean,Kharif,784.2,210.6,452.3,2.15
Jharkhand,Maize,Kharif,647.0,2095.2,8996.4,4.29
Mizoram,Sugarcane,Kharif,759.7,525.6,44256.3,84.2
Sikkim,Barley,Rabi,315.8,3242.8,8577.0,2.64
Arunachal Pradesh,Soybean,Kharif,933.7,1144.0,1945.5,1.7
Arunachal Pradesh,Rice,Kharif,1785.8,1439.3,5600.5,3.89
West Bengal,Groundnut,Kharif,641.7,4997.5,12717.1,2.54
Meghalaya,Soybean,Kharif,890.2,2431.9,4644.0,1.91
Manipur,Barley,Rabi,468.8,839.5,2579.4,3.07
Tripura,Cotton,Kharif,943.8,455.5,1048.4,2.3
Jharkhand,Barley,Rabi,547.6,4951.9,14567.3,2.94
Nagaland,Potato,Rabi,664.7,1367.5,38155.7,27.9
Odisha,Cotton,Kharif,641.2,1652.5,4833.9,2.93
Chhattisgarh,Mustard,Rabi,336.3,3263.0,4784.3,1.47
Gujarat,Maize,Kharif,538.9,3475.0,12293.7,3.54
Assam,Mustard,Rabi,348.1,503.5,699.0,1.39
Maharashtra,Groundnut,Kharif,673.0,3224.6,8082.6,2.51
Punjab,Mustard,Rabi,513.1,2961.1,4714.2,1.59
Goa,Wheat,Rabi,475.9,3116.5,14894.9,4.78
Uttarakhand,Wheat,Rabi,782.7,979.3,5088.5,5.2
Maharashtra,Wheat,Rabi,463.8,402.0,1873.9,4.66
Karnataka,Wheat,Rabi,694.4,3629.6,19740.9,5.44
Mizoram,Soybean,Kharif,758.2,3090.9,6194.2,2.0
Gujarat,Soybean,Kharif,629.9,2150.1,3988.1,1.85
Odisha,Barley,Rabi,501.2,449.5,1550.9,3.45
Odisha,Cotton,Kharif,673.0,626.1,1672.4,2.67
Tamil Nadu,Groundnut,Kharif,513.4,4776.8,9464.3,1.98
Manipur,Rice,Kharif,1751.6,4151.0,20880.6,5.03
Jharkhand,Cotton,Kharif,752.4,2975.4,9630.2,3.24
Manipur,Cotton,Kharif,536.1,1767.3,4333.0,2.45
Andhra Pradesh,Potato,Rabi,756.4,4141.1,110934.7,26.79
Nagaland,Rice,Kharif,992.2,1752.5,7442.2,4.25
Nagaland,Rice,Kharif,1127.0,4769.3,22411.8,4.7
Meghalaya,Soybean,Kharif,734.9,435.7,815.6,1.87
Uttarakhand,Soybean,Kharif,782.0,3333.0,7572.4,2.27
Arunachal Pradesh,Mustard,Rabi,367.4,4582.3,7867.6,1.72
Rajasthan,Potato,Rabi,496.8,193.9,5414.9,27.92
Gujarat,Mustard,Rabi,351.3,4087.8,6065.3,1.48
Odisha,Cotton,Kharif,602.7,3528.6,10398.0,2.95
Telangana,Sugarcane,Kharif,1693.7,3639.3,282117.4,77.52
Gujarat,Sugarcane,Kharif,1006.6,4597.5,419739.1,91.3
Chhattisgarh,Maize,Kharif,781.3,4973.2,23174.8,4.66
Haryana,Maize,Kharif,921.7,1544.8,6439.5,4.17
Madhya Pradesh,Groundnut,Kharif,610.2,4035.0,10304.5,2.55
Assam,Mustard,Rabi,357.9,558.0,964.9,1.73
Tamil Nadu,Soybean,Kharif,664.9,2605.4,5010.9,1.92
Kerala,Potato,Rabi,679.6,1929.6,59302.4,30.73
Rajasthan,Groundnut,Kharif,756.7,1386.5,3518.1,2.54
Himachal Pradesh,Mustard,Rabi,391.6,332.8,614.8,1.85
Uttarakhand,Rice,Kharif,1535.6,2001.0,11729.8,5.86
Uttar Pradesh,Soybean,Kharif,759.3,4745.5,10405.6,2.19
Uttarakhand,Groundnut,Kharif,690.6,4580.8,10867.0,2.37
West Bengal,Maize,Kharif,725.3,1560.4,6673.8,4.28
Assam,Rice,Kharif,1652.0,4248.1,22366.5,5.27
Rajasthan,Potato,Rabi,620.8,3743.2,102139.5,27.29
Karnataka,Rice,Kharif,1628.1,4020.3,21928.4,5.45
Maharashtra,Soybean,Kharif,986.3,4338.8,8182.2,1.89
Telangana,Wheat,Rabi,526.3,2447.1,12606.9,5.15
Goa,Sugarcane,Kharif,1507.3,3182.7,259565.4,81.56
Kerala,Potato,Rabi,685.6,1012.2,30526.8,30.16
West Bengal,Cotton,Kharif,569.2,2401.3,6776.9,2.82
Chhattisgarh,Soybean,Kharif,771.4,2037.2,4930.1,2.42
Haryana,Soybean,Kharif,613.2,3451.7,6588.4,1.91
Meghalaya,Potato,Rabi,539.7,4222.9,130748.9,30.96
Nagaland,Cotton,Kharif,670.8,2918.5,9139.2,3.13
Goa,Maize,Kharif,621.4,4633.8,22029.0,4.75
Tamil Nadu,Barley,Rabi,591.3,4434.4,13515.1,3.05
Karnataka,Mustard,Rabi,490.2,960.6,1771.8,1.84
Uttarakhand,Mustard,Rabi,538.2,2733.9,4596.9,1.68
Gujarat,Sugarcane,Kharif,1151.3,568.2,48021.4,84.52
Himachal Pradesh,Cotton,Kharif,823.6,105.5,274.1,2.6
Tripura,Barley,Rabi,528.9,3588.9,11964.7,3.33
West Bengal,Rice,Kharif,1740.6,765.6,3358.1,4.39
Andhra Pradesh,Barley,Rabi,360.0,3969.4,11796.1,2.97
Tamil Nadu,Groundnut,Kharif,750.1,2714.6,7465.1,2.75
Bihar,Mustard,Rabi,548.5,2355.9,3645.8,1.55
Bihar,Potato,Rabi,541.2,3781.2,118647.9,31.38
Sikkim,Maize,Kharif,990.0,1885.5,7177.2,3.81
Arunachal Pradesh,Mustard,Rabi,374.8,3057.8,5605.1,1.83
Sikkim,Sugarcane,Kharif,755.0,679.9,51070.8,75.12
Meghalaya,Maize,Kharif,893.6,4134.4,17310.7,4.19
Kerala,Rice,Kharif,1633.7,4208.7,19865.7,4.72
Manipur,Soybean,Kharif,947.7,1746.3,3321.6,1.9
Tamil Nadu,Soybean,Kharif,760.1,4893.8,10832.4,2.21
Gujarat,Barley,Rabi,493.1,269.1,900.7,3.35
Madhya Pradesh,Mustard,Rabi,530.5,942.1,1486.0,1.58
West Bengal,Groundnut,Kharif,523.3,3631.3,7614.3,2.1
Arunachal Pradesh,Rice,Kharif,1640.0,1466.9,7284.4,4.97
Gujarat,Groundnut,Kharif,586.2,4953.6,10991.4,2.22
Uttarakhand,Wheat,Rabi,705.4,4171.5,20211.7,4.85
Madhya Pradesh,Cotton,Kharif,707.2,2115.1,6433.6,3.04
Uttar Pradesh,Barley,Rabi,403.1,2941.1,11215.8,3.81
Telangana,Groundnut,Kharif,863.3,3071.4,6004.7,1.96
Tripura,Potato,Rabi,775.4,4362.5,97391.6,22.32
Haryana,Rice,Kharif,1452.7,550.1,2977.5,5.41
West Bengal,Wheat,Rabi,799.8,115.3,548.2,4.75
Tamil Nadu,Potato,Rabi,589.1,4385.1,136212.6,31.06
Madhya Pradesh,Rice,Kharif,1079.0,760.5,3441.8,4.53
Arunachal Pradesh,Wheat,Rabi,604.1,3396.3,18324.1,5.4
Manipur,Potato,Rabi,500.5,3807.9,102523.1,26.92
Chhattisgarh,Barley,Rabi,370.2,2896.4,9468.9,3.27
Goa,Potato,Rabi,620.0,637.2,19688.8,30.9
Maharashtra,Sugarcane,Kharif,1070.5,4174.8,398683.3,95.5
Manipur,Groundnut,Kharif,800.0,2024.3,4846.5,2.39
Tamil Nadu,Maize,Kharif,677.0,1628.8,7252.4,4.45
Gujarat,Rice,Kharif,1683.4,263.7,1259.4,4.78
Maharashtra,Groundnut,Kharif,680.2,2408.4,5607.0,2.33
Goa,Rice,Kharif,1671.9,1164.0,6216.2,5.34
Tamil Nadu,Cotton,Kharif,589.9,3780.6,11380.5,3.01
Odisha,Barley,Rabi,581.8,2500.5,7223.4,2.89
Arunachal Pradesh,Mustard,Rabi,302.1,594.0,829.5,1.4
Jharkhand,Potato,Rabi,699.7,268.0,8391.9,31.31
Meghalaya,Barley,Rabi,383.7,1091.2,3709.7,3.4
Tripura,Rice,Kharif,1778.0,3873.0,17637.4,4.55
Madhya Pradesh,Mustard,Rabi,455.8,156.7,308.3,1.97
Maharashtra,Potato,Rabi,649.3,224.7,6561.8,29.2
Odisha,Cotton,Kharif,946.4,3527.8,9677.5,2.74
Tamil Nadu,Sugarcane,Kharif,1263.2,4123.9,350579.7,85.01
Odisha,Rice,Kharif,1383.2,695.2,3982.0,5.73
Nagaland,Mustard,Rabi,510.8,3740.3,6451.5,1.72
Assam,Groundnut,Kharif,874.5,3214.4,7076.7,2.2
Maharashtra,Cotton,Kharif,991.5,378.5,847.9,2.24
Andhra Pradesh,Wheat,Rabi,656.0,3313.4,17781.1,5.37
Manipur,Soybean,Kharif,844.9,1212.3,2867.1,2.37
Haryana,Groundnut,Kharif,564.6,4250.4,9037.0,2.13
Maharashtra,Cotton,Kharif,691.4,923.9,2727.2,2.95
Punjab,Groundnut,Kharif,747.0,1755.0,4826.3,2.75
Sikkim,Cotton,Kharif,611.3,921.3,2272.2,2.47
Mizoram,Maize,Kharif,642.4,3162.6,12095.4,3.82
Arunachal Pradesh,Groundnut,Kharif,767.6,174.5,459.8,2.63
Manipur,Mustard,Rabi,551.2,3265.2,4810.5,1.47
Gujarat,Wheat,Rabi,531.3,170.9,893.4,5.23
Telangana,Cotton,Kharif,839.3,1606.4,4167.9,2.59
Madhya Pradesh,Soybean,Kharif,966.0,4481.1,8768.7,1.96
Nagaland,Mustard,Rabi,557.4,4454.6,6799.5,1.53
Manipur,Sugarcane,Kharif,1008.2,1222.7,99364.9,81.27
Meghalaya,Maize,Kharif,950.7,2812.3,12156.3,4.32
Gujarat,Wheat,Rabi,616.0,2540.9,13050.6,5.14
Sikkim,Barley,Rabi,455.7,2614.4,8157.7,3.12
Goa,Maize,Kharif,532.4,3665.2,15454.6,4.22
Odisha,Groundnut,Kharif,715.4,4466.2,10184.4,2.28
Gujarat,Cotton,Kharif,573.8,1019.3,2430.6,2.38
Rajasthan,Rice,Kharif,916.7,1211.8,5909.5,4.88
Karnataka,Cotton,Kharif,858.7,2654.2,7934.9,2.99
Assam,Mustard,Rabi,391.6,882.2,1432.0,1.62
Himachal Pradesh,Mustard,Rabi,536.6,4882.3,7423.3,1.52
Goa,Mustard,Rabi,569.2,4884.8,8117.7,1.66
Goa,Sugarcane,Kharif,882.9,1267.6,114719.0,90.5
Madhya Pradesh,Mustard,Rabi,305.5,3563.3,4990.7,1.4
Uttarakhand,Wheat,Rabi,517.8,4316.5,19434.7,4.5
Uttarakhand,Maize,Kharif,899.8,3888.1,16433.8,4.23
Nagaland,Mustard,Rabi,549.4,2430.1,3533.0,1.45
Bihar,Maize,Kharif,633.4,884.4,4219.7,4.77
Chhattisgarh,Barley,Rabi,306.0,157.6,475.4,3.02
Telangana,Soybean,Kharif,673.7,1428.2,2611.5,1.83
Madhya Pradesh,Groundnut,Kharif,705.8,4084.4,10693.7,2.62
Uttarakhand,Potato,Rabi,711.6,2534.2,74093.6,29.24
West Bengal,Potato,Rabi,633.7,2966.5,81119.2,27.35
Uttar Pradesh,Groundnut,Kharif,870.2,634.1,1444.7,2.28
Tripura,Mustard,Rabi,428.4,2659.6,4183.2,1.57
Goa,Soybean,Kharif,793.6,4383.1,10607.1,2.42
West Bengal,Soybean,Kharif,700.4,1903.1,4066.4,2.14
Uttar Pradesh,Wheat,Rabi,699.7,328.1,1555.7,4.74
Madhya Pradesh,Potato,Rabi,567.0,2192.8,63003.7,28.73
Haryana,Sugarcane,Kharif,1476.2,2808.9,238835.6,85.03
Mizoram,Rice,Kharif,1607.9,1521.5,8714.2,5.73
West Bengal,Potato,Rabi,541.5,285.9,7767.6,27.17
Kerala,Barley,Rabi,375.0,720.1,2375.1,3.3
Himachal Pradesh,Barley,Rabi,511.4,2229.6,8141.8,3.65
Telangana,Potato,Rabi,403.2,1494.9,35662.4,23.86
Maharashtra,Mustard,Rabi,441.1,3150.9,5438.4,1.73
Sikkim,Potato,Rabi,707.8,382.1,10022.7,26.23
Assam,Mustard,Rabi,414.9,2295.6,4056.2,1.77
West Bengal,Cotton,Kharif,800.8,2565.8,7947.7,3.1
Manipur,Maize,Kharif,795.8,359.8,1648.1,4.58
Bihar,Potato,Rabi,718.2,2228.7,55893.1,25.08
Karnataka,Sugarcane,Kharif,721.2,799.3,71422.5,89.35
Rajasthan,Groundnut,Kharif,854.6,350.9,775.7,2.21
Jharkhand,Maize,Kharif,752.7,2562.9,12474.1,4.87
Telangana,Rice,Kharif,1772.3,2037.5,9876.8,4.85
Nagaland,Groundnut,Kharif,727.1,966.1,2071.8,2.14
Himachal Pradesh,Groundnut,Kharif,814.1,4145.8,9001.2,2.17
Arunachal Pradesh,Potato,Rabi,462.9,2727.9,76427.0,28.02
Gujarat,Soybean,Kharif,791.9,1795.9,4115.9,2.29
Uttarakhand,Groundnut,Kharif,541.4,848.5,1910.1,2.25
Madhya Pradesh,Barley,Rabi,501.1,2004.4,7717.0,3.85
Uttar Pradesh,Cotton,Kharif,672.2,3821.9,11930.2,3.12
Goa,Wheat,Rabi,503.9,4730.7,22360.8,4.73
Manipur,Barley,Rabi,300.3,1491.9,4084.2,2.74
Gujarat,Barley,Rabi,398.2,2949.5,9351.4,3.17
Madhya Pradesh,Barley,Rabi,427.4,200.4,683.8,3.41
Haryana,Groundnut,Kharif,708.1,4218.7,11546.8,2.74
Tripura,Maize,Kharif,604.2,4560.7,18273.5,4.01
Sikkim,Maize,Kharif,743.6,3870.5,17133.9,4.43
Karnataka,Sugarcane,Kharif,754.4,148.8,13111.2,88.11
Jharkhand,Potato,Rabi,613.4,1588.7,45014.3,28.33
Uttar Pradesh,Wheat,Rabi,656.5,271.8,1435.8,5.28
Mizoram,Cotton,Kharif,513.2,2215.5,5804.8,2.62
Himachal Pradesh,Groundnut,Kharif,755.8,1340.4,2891.0,2.16
Tripura,Potato,Rabi,466.9,1679.3,47380.5,28.22
Himachal Pradesh,Soybean,Kharif,895.9,2717.5,6055.2,2.23
Goa,Soybean,Kharif,635.8,2282.7,3846.7,1.69
Uttarakhand,Sugarcane,Kharif,1654.3,2912.4,225091.3,77.29
Haryana,Wheat,Rabi,468.9,542.6,2437.9,4.49
Tripura,Groundnut,Kharif,691.6,3101.2,6868.1,2.21
Punjab,Rice,Kharif,1590.6,4340.6,24778.9,5.71
Sikkim,Maize,Kharif,579.6,2069.3,8195.0,3.96
Tamil Nadu,Groundnut,Kharif,529.2,143.3,274.0,1.91
Uttar Pradesh,Soybean,Kharif,808.5,2671.6,6465.3,2.42
Manipur,Soybean,Kharif,836.1,1835.9,4077.8,2.22
Rajasthan,Mustard,Rabi,570.3,4519.0,7848.6,1.74
Meghalaya,Soybean,Kharif,929.5,2813.8,5399.0,1.92
Madhya Pradesh,Sugarcane,Kharif,1053.9,4488.7,375944.8,83.75
West Bengal,Groundnut,Kharif,692.7,2528.2,6677.0,2.64
Madhya Pradesh,Soybean,Kharif,819.1,546.2,1265.7,2.32
Bihar,Mustard,Rabi,358.1,2078.4,3212.6,1.55
Arunachal Pradesh,Soybean,Kharif,899.3,2729.1,6142.9,2.25
Odisha,Barley,Rabi,404.5,4384.1,14869.1,3.39
Nagaland,Barley,Rabi,449.3,637.9,1969.4,3.09
Telangana,Cotton,Kharif,981.1,1120.8,2832.6,2.53
Nagaland,Mustard,Rabi,466.5,1177.4,2299.7,1.95
Chhattisgarh,Wheat,Rabi,577.4,3779.0,22862.8,6.05
Manipur,Rice,Kharif,1277.6,1355.8,7327.7,5.4
Uttar Pradesh,Soybean,Kharif,629.7,4152.1,8343.4,2.01
Manipur,Barley,Rabi,470.7,4679.3,15906.5,3.4
Punjab,Potato,Rabi,509.9,3678.2,112584.7,30.61
Maharashtra,Wheat,Rabi,699.2,3292.3,17347.2,5.27
Jharkhand,Mustard,Rabi,320.9,3665.8,5086.2,1.39
Mizoram,Cotton,Kharif,611.4,2241.9,6538.7,2.92
Punjab,Groundnut,Kharif,880.3,1207.9,2511.1,2.08
Madhya Pradesh,Wheat,Rabi,558.0,289.2,1687.9,5.84
Arunachal Pradesh,Wheat,Rabi,528.6,1907.5,10458.9,5.48
Odisha,Groundnut,Kharif,630.5,560.2,1427.5,2.55
Nagaland,Groundnut,Kharif,614.9,1232.3,3305.8,2.68
Punjab,Potato,Rabi,507.1,911.1,27671.3,30.37
Uttarakhand,Mustard,Rabi,457.3,3059.0,6056.8,1.98
Tamil Nadu,Wheat,Rabi,577.5,3903.1,19643.5,5.03
Karnataka,Cotton,Kharif,612.4,1222.0,3183.1,2.6
Haryana,Mustard,Rabi,435.5,4398.1,7935.5,1.8
Gujarat,Barley,Rabi,454.6,3650.6,11769.1,3.22
Meghalaya,Rice,Kharif,1577.2,1488.2,7047.3,4.74
Odisha,Sugarcane,Kharif,749.6,1376.5,103313.9,75.05
Mizoram,Rice,Kharif,1005.8,1201.6,6528.0,5.43
Tripura,Soybean,Kharif,908.6,3372.9,5962.1,1.77
Meghalaya,Cotton,Kharif,897.1,4799.3,12415.6,2.59
Assam,Barley,Rabi,512.0,1760.8,6382.1,3.62
Chhattisgarh,Mustard,Rabi,339.2,1770.3,2501.8,1.41
Sikkim,Groundnut,Kharif,507.4,2675.9,5414.3,2.02
Karnataka,Potato,Rabi,638.1,413.2,13200.2,31.95
Odisha,Soybean,Kharif,815.8,1355.1,3089.7,2.28
Chhattisgarh,Soybean,Kharif,979.5,863.9,1519.8,1.76
Rajasthan,Mustard,Rabi,516.6,623.1,1099.5,1.76
Himachal Pradesh,Potato,Rabi,602.5,4631.3,120247.9,25.96
Himachal Pradesh,Soybean,Kharif,809.7,1351.6,2754.3,2.04
Maharashtra,Barley,Rabi,472.5,3289.3,12287.6,3.74
Punjab,Mustard,Rabi,556.4,731.2,1134.2,1.55
Punjab,Groundnut,Kharif,770.8,4897.6,12552.2,2.56
Nagaland,Barley,Rabi,557.2,612.7,1629.0,2.66
Sikkim,Cotton,Kharif,907.0,4752.7,13066.1,2.75
Mizoram,Barley,Rabi,501.9,1104.8,3647.3,3.3
Maharashtra,Mustard,Rabi,410.6,3148.6,5055.5,1.61
Mizoram,Groundnut,Kharif,612.4,2764.4,7140.4,2.58
Goa,Cotton,Kharif,540.7,2823.6,6626.4,2.35
Goa,Cotton,Kharif,756.8,4114.2,12888.0,3.13
Uttar Pradesh,Wheat,Rabi,742.1,3099.8,14784.7,4.77
Andhra Pradesh,Barley,Rabi,319.9,2620.5,7077.1,2.7
Himachal Pradesh,Potato,Rabi,715.9,3082.9,87888.7,28.51
Chhattisgarh,Barley,Rabi,442.1,128.0,433.9,3.39
Maharashtra,Mustard,Rabi,388.2,3137.8,5158.7,1.64
Kerala,Wheat,Rabi,471.1,4857.8,19914.5,4.1
Nagaland,Cotton,Kharif,607.4,2159.4,6766.9,3.13
Goa,Maize,Kharif,936.5,3898.2,16272.1,4.17
Gujarat,Wheat,Rabi,766.5,226.5,981.5,4.33
Madhya Pradesh,Potato,Rabi,497.1,4910.3,135364.5,27.57
West Bengal,Barley,Rabi,356.1,4734.6,13270.3,2.8
Andhra Pradesh,Sugarcane,Kharif,1472.6,2666.0,247259.3,92.75
Punjab,Wheat,Rabi,573.9,912.8,5473.0,6.0
Uttar Pradesh,Wheat,Rabi,651.9,4738.2,26638.5,5.62
Odisha,Rice,Kharif,1501.5,2295.8,12655.6,5.51
Maharashtra,Cotton,Kharif,658.5,2849.5,8828.1,3.1
Kerala,Potato,Rabi,520.0,285.1,7556.2,26.5
Uttarakhand,Potato,Rabi,748.0,4261.2,121771.6,28.58
Bihar,Barley,Rabi,561.1,4640.9,14336.6,3.09
Manipur,Sugarcane,Kharif,982.9,2997.1,271598.3,90.62
Karnataka,Potato,Rabi,656.6,3412.7,109899.8,32.2
Tripura,Cotton,Kharif,620.3,4317.2,12934.7,3.0
Punjab,Potato,Rabi,412.4,347.5,9080.4,26.13
Bihar,Cotton,Kharif,535.8,3563.4,9115.3,2.56
Kerala,Rice,Kharif,902.2,3668.7,15897.6,4.33
Sikkim,Soybean,Kharif,852.2,699.5,1507.9,2.16
Himachal Pradesh,Wheat,Rabi,611.4,2502.8,13277.0,5.3
Sikkim,Mustard,Rabi,530.2,747.5,1358.2,1.82
Uttar Pradesh,Potato,Rabi,579.7,1337.5,39383.6,29.44
Arunachal Pradesh,Mustard,Rabi,332.4,337.9,502.4,1.49
Manipur,Wheat,Rabi,527.5,1574.0,7057.5,4.48
Arunachal Pradesh,Rice,Kharif,1140.9,1571.1,8935.8,5.69
Punjab,Wheat,Rabi,592.9,743.5,3824.2,5.14
Uttarakhand,Maize,Kharif,664.8,2020.9,8886.3,4.4
Haryana,Maize,Kharif,780.0,3268.7,14742.5,4.51
Madhya Pradesh,Groundnut,Kharif,817.8,1641.1,3301.5,2.01
Punjab,Mustard,Rabi,303.3,4965.0,5854.8,1.18
Meghalaya,Cotton,Kharif,523.0,218.1,542.9,2.49
Nagaland,Rice,Kharif,1367.5,4317.6,22934.4,5.31
Assam,Sugarcane,Kharif,1165.8,4684.2,405394.4,86.55
Madhya Pradesh,Sugarcane,Kharif,826.3,1904.5,184912.0,97.09
Rajasthan,Maize,Kharif,509.1,2294.9,8755.9,3.82
Goa,Rice,Kharif,1598.1,1687.5,8433.4,5.0
Goa,Soybean,Kharif,752.9,1886.3,4118.7,2.18
Tamil Nadu,Potato,Rabi,448.6,1101.8,25829.1,23.44
Maharashtra,Sugarcane,Kharif,1382.0,893.9,77787.7,87.02
Karnataka,Wheat,Rabi,533.9,974.6,5239.7,5.38
Manipur,Wheat,Rabi,682.0,4190.5,22987.6,5.49
Jharkhand,Mustard,Rabi,405.0,1204.7,2096.2,1.74
Odisha,Potato,Rabi,737.3,4708.0,134986.6,28.67
Punjab,Soybean,Kharif,709.5,1694.5,3277.9,1.93
Himachal Pradesh,Cotton,Kharif,897.8,1488.6,4191.0,2.82
Himachal Pradesh,Potato,Rabi,643.0,1113.1,29869.1,26.84
Chhattisgarh,Mustard,Rabi,338.5,2491.5,3615.2,1.45
Manipur,Wheat,Rabi,529.5,3071.6,15682.2,5.11
Sikkim,Wheat,Rabi,765.6,221.6,1139.1,5.14
Meghalaya,Soybean,Kharif,656.6,3339.5,6849.6,2.05
Rajasthan,Groundnut,Kharif,617.6,4665.9,9941.4,2.13
Assam,Rice,Kharif,1284.4,2518.5,12277.6,4.87
West Bengal,Mustard,Rabi,381.3,1562.1,2442.3,1.56
Andhra Pradesh,Groundnut,Kharif,833.9,252.4,595.1,2.36
Chhattisgarh,Soybean,Kharif,785.0,938.0,1975.5,2.11
Odisha,Soybean,Kharif,789.7,1869.4,3927.9,2.1
Goa,Soybean,Kharif,821.5,221.9,516.2,2.33
Uttarakhand,Barley,Rabi,419.9,4123.3,12645.7,3.07
Odisha,Groundnut,Kharif,600.4,3219.0,7589.5,2.36
Meghalaya,Groundnut,Kharif,560.0,2860.6,5508.4,1.93
Meghalaya,Groundnut,Kharif,555.5,4102.1,8730.9,2.13
Nagaland,Wheat,Rabi,535.9,140.4,781.4,5.57
Haryana,Potato,Rabi,421.4,1205.3,31705.2,26.3
Rajasthan,Sugarcane,Kharif,1222.6,4280.4,376017.0,87.85
Madhya Pradesh,Barley,Rabi,550.3,670.4,1913.9,2.86
Bihar,Wheat,Rabi,703.6,1483.6,7864.7,5.3
Tripura,Potato,Rabi,778.0,3709.8,109004.5,29.38
Chhattisgarh,Mustard,Rabi,585.5,3920.1,6336.9,1.62
Mizoram,Cotton,Kharif,727.5,2937.5,8517.6,2.9
Chhattisgarh,Barley,Rabi,583.6,2268.7,6402.0,2.82
Assam,Rice,Kharif,1653.2,4444.2,19405.4,4.37
Andhra Pradesh,Rice,Kharif,1352.6,872.3,4774.5,5.47
Nagaland,Potato,Rabi,740.3,2518.1,69612.5,27.64
Uttarakhand,Maize,Kharif,719.0,3023.5,14861.9,4.92
Chhattisgarh,Rice,Kharif,1066.7,192.5,1112.4,5.78
Tamil Nadu,Groundnut,Kharif,800.5,3869.0,9004.3,2.33
Nagaland,Cotton,Kharif,879.2,2156.4,5975.8,2.77
Meghalaya,Rice,Kharif,1214.5,4671.5,27172.6,5.82
Goa,Potato,Rabi,719.3,3747.1,102297.4,27.3
Kerala,Cotton,Kharif,934.2,1635.7,4253.5,2.6
Jharkhand,Wheat,Rabi,456.5,3030.9,13846.4,4.57
Arunachal Pradesh,Maize,Kharif,806.9,4953.9,20482.6,4.13
Sikkim,Groundnut,Kharif,601.6,2772.9,6733.9,2.43
Tripura,Groundnut,Kharif,681.0,2163.8,5950.6,2.75
Bihar,Sugarcane,Kharif,1392.5,587.5,55875.1,95.11
Maharashtra,Barley,Rabi,502.6,3447.1,10356.3,3.0
Himachal Pradesh,Maize,Kharif,878.9,4715.3,19560.9,4.15
Punjab,Soybean,Kharif,932.5,591.0,1145.4,1.94
Bihar,Cotton,Kharif,685.0,740.0,2209.1,2.99
Mizoram,Barley,Rabi,490.5,2188.5,8118.8,3.71
Meghalaya,Cotton,Kharif,950.4,4802.9,10958.8,2.28
Mizoram,Mustard,Rabi,549.5,2131.6,3682.2,1.73
Assam,Wheat,Rabi,511.0,4931.2,25255.7,5.12
Bihar,Cotton,Kharif,615.3,2848.7,7799.0,2.74
Andhra Pradesh,Cotton,Kharif,778.4,4663.9,12829.8,2.75
Rajasthan,Groundnut,Kharif,605.0,4258.0,10195.9,2.39
Karnataka,Potato,Rabi,732.0,1192.6,30039.3,25.19
Telangana,Rice,Kharif,1553.5,4161.6,21483.1,5.16
Manipur,Cotton,Kharif,694.6,2073.4,6045.9,2.92
Punjab,Potato,Rabi,629.4,3642.3,120195.4,33.0
Tamil Nadu,Barley,Rabi,424.7,361.4,1391.3,3.85
Andhra Pradesh,Wheat,Rabi,544.8,1610.9,9746.2,6.05
Karnataka,Cotton,Kharif,838.1,4428.5,12754.3,2.88
Andhra Pradesh,Potato,Rabi,535.8,306.0,8648.9,28.26
Arunachal Pradesh,Wheat,Rabi,749.2,1940.7,9406.7,4.85
Bihar,Groundnut,Kharif,874.3,3572.7,7519.9,2.1
Meghalaya,Wheat,Rabi,699.4,2924.9,14497.9,4.96
Meghalaya,Rice,Kharif,1080.1,685.1,3062.2,4.47
Madhya Pradesh,Wheat,Rabi,572.5,2779.3,14410.2,5.18
Telangana,Mustard,Rabi,401.7,599.6,1002.3,1.67
Uttar Pradesh,Rice,Kharif,1171.4,3589.1,19610.8,5.46
Himachal Pradesh,Cotton,Kharif,839.6,2867.6,8751.7,3.05
Nagaland,Sugarcane,Kharif,1239.4,701.9,62360.5,88.84
Sikkim,Soybean,Kharif,923.3,119.3,214.6,1.8
Kerala,Groundnut,Kharif,540.1,526.5,1175.7,2.23
Gujarat,Maize,Kharif,952.2,4744.9,15911.2,3.35
Punjab,Soybean,Kharif,924.4,3604.0,6552.0,1.82
Assam,Wheat,Rabi,682.3,318.3,1660.5,5.22
Bihar,Mustard,Rabi,458.5,4077.4,8073.2,1.98
Bihar,Wheat,Rabi,502.9,1362.5,6692.9,4.91
Rajasthan,Mustard,Rabi,395.5,3215.8,5078.9,1.58
Odisha,Soybean,Kharif,651.4,4208.2,7264.1,1.73
West Bengal,Potato,Rabi,482.6,4597.2,142101.2,30.91
Tamil Nadu,Mustard,Rabi,545.7,3976.8,5758.3,1.45
Uttar Pradesh,Groundnut,Kharif,729.2,2305.1,5633.8,2.44
Meghalaya,Wheat,Rabi,548.6,810.9,3658.9,4.51
Goa,Rice,Kharif,920.2,4196.3,21023.2,5.01
Andhra Pradesh,Mustard,Rabi,546.3,3663.7,5948.8,1.62
Telangana,Potato,Rabi,440.1,4092.5,103210.2,25.22
Jharkhand,Maize,Kharif,790.2,957.5,3839.1,4.01
Bihar,Sugarcane,Kharif,1369.6,4993.2,521789.0,104.5
Uttarakhand,Potato,Rabi,718.1,1841.2,54260.9,29.47
Odisha,Cotton,Kharif,916.5,4536.9,12563.2,2.77
Nagaland,Wheat,Rabi,526.9,3122.7,15020.1,4.81
Arunachal Pradesh,Mustard,Rabi,365.5,1428.8,2175.3,1.52
Uttarakhand,Barley,Rabi,335.5,580.8,1802.0,3.1
Kerala,Potato,Rabi,511.8,2374.9,68264.8,28.74
Punjab,Groundnut,Kharif,860.6,746.5,1376.7,1.84
Mizoram,Groundnut,Kharif,542.6,4752.5,9899.3,2.08
Nagaland,Mustard,Rabi,412.6,4295.7,7596.7,1.77
Mizoram,Wheat,Rabi,593.1,3507.5,17481.2,4.98
Chhattisgarh,Cotton,Kharif,582.1,3827.9,10808.7,2.82
Punjab,Potato,Rabi,407.5,2853.1,80091.7,28.07
Andhra Pradesh,Soybean,Kharif,652.0,2096.0,3918.7,1.87
Rajasthan,Sugarcane,Kharif,1694.6,4183.6,385370.2,92.11
Madhya Pradesh,Maize,Kharif,795.8,4972.7,21003.3,4.22
Haryana,Rice,Kharif,1046.0,2957.2,16561.5,5.6
Himachal Pradesh,Rice,Kharif,1680.9,514.7,2374.0,4.61
Arunachal Pradesh,Barley,Rabi,455.2,3233.2,10223.7,3.16
Tripura,Maize,Kharif,628.5,150.1,573.0,3.82
Mizoram,Sugarcane,Kharif,1578.3,308.1,30398.9,98.65
Rajasthan,Potato,Rabi,553.6,1595.7,44429.5,27.84
Mizoram,Cotton,Kharif,852.2,3722.8,11302.5,3.04
Meghalaya,Barley,Rabi,545.5,4960.8,13682.4,2.76
Gujarat,Maize,Kharif,724.8,4986.3,23872.9,4.79
Mizoram,Rice,Kharif,1161.5,3369.4,16624.8,4.93
Bihar,Soybean,Kharif,645.9,2626.2,5120.7,1.95
Haryana,Barley,Rabi,366.5,1616.8,5483.5,3.39
Meghalaya,Cotton,Kharif,828.4,1523.4,4447.7,2.92
Uttar Pradesh,Mustard,Rabi,580.8,306.5,425.5,1.39
Uttar Pradesh,Wheat,Rabi,611.6,4366.6,26417.7,6.05
Chhattisgarh,Rice,Kharif,1659.3,578.7,2739.5,4.73
Jharkhand,Rice,Kharif,1698.1,4415.7,22384.2,5.07
Uttar Pradesh,Cotton,Kharif,781.7,2706.7,7283.2,2.69
West Bengal,Soybean,Kharif,709.2,2449.5,5316.9,2.17
Andhra Pradesh,Mustard,Rabi,339.1,202.1,291.7,1.44
Arunachal Pradesh,Sugarcane,Kharif,1392.6,3159.7,322737.8,102.14
Tripura,Groundnut,Kharif,874.7,2190.7,4729.6,2.16
Mizoram,Wheat,Rabi,749.7,100.8,485.2,4.81
Uttarakhand,Barley,Rabi,333.3,1559.6,4372.2,2.8
Sikkim,Potato,Rabi,559.2,1549.5,46020.8,29.7
Assam,Cotton,Kharif,947.9,695.9,1865.0,2.68
Telangana,Potato,Rabi,610.7,4978.2,136287.3,27.38
Punjab,Soybean,Kharif,691.0,2132.3,3896.1,1.83
Rajasthan,Sugarcane,Kharif,1711.6,1231.6,114761.4,93.18
Tripura,Cotton,Kharif,551.2,2307.2,6299.7,2.73
Maharashtra,Mustard,Rabi,557.0,4096.4,6911.1,1.69
Telangana,Groundnut,Kharif,676.0,3881.2,9414.9,2.43
Uttar Pradesh,Potato,Rabi,681.8,1020.7,32150.6,31.5
Rajasthan,Cotton,Kharif,685.0,582.1,1598.7,2.75
Maharashtra,Mustard,Rabi,516.6,4247.1,8277.3,1.95
Chhattisgarh,Potato,Rabi,781.6,4577.7,117989.3,25.77
Uttarakhand,Sugarcane,Kharif,1631.9,2319.8,194047.6,83.65
Kerala,Mustard,Rabi,377.3,565.4,979.7,1.73
Arunachal Pradesh,Barley,Rabi,486.8,4593.4,14476.0,3.15
Rajasthan,Barley,Rabi,499.1,606.1,1946.4,3.21
Uttarakhand,Mustard,Rabi,420.5,267.1,464.1,1.74
Karnataka,Wheat,Rabi,463.2,122.8,622.1,5.07
Telangana,Groundnut,Kharif,719.7,3431.9,7875.2,2.29
Andhra Pradesh,Potato,Rabi,611.5,2200.9,72629.1,33.0
Arunachal Pradesh,Cotton,Kharif,724.5,4441.0,14655.4,3.3
Nagaland,Barley,Rabi,379.0,1394.8,4320.0,3.1
Madhya Pradesh,Potato,Rabi,766.2,4052.2,103643.7,25.58
Kerala,Soybean,Kharif,624.2,2869.3,5643.9,1.97
Karnataka,Soybean,Kharif,723.7,2765.1,6029.5,2.18
Uttarakhand,Soybean,Kharif,817.4,4270.4,8606.1,2.02
Tamil Nadu,Wheat,Rabi,518.9,218.3,1177.0,5.39
Maharashtra,Cotton,Kharif,996.7,1236.0,3033.8,2.45
Manipur,Mustard,Rabi,398.9,2598.4,4789.2,1.84
Karnataka,Rice,Kharif,1103.7,2917.1,13510.6,4.63
Sikkim,Sugarcane,Kharif,929.2,2851.5,227664.9,79.84
Gujarat,Rice,Kharif,1775.2,2147.8,9126.0,4.25
Gujarat,Maize,Kharif,738.4,2262.1,11197.4,4.95
Madhya Pradesh,Mustard,Rabi,309.7,2813.5,4306.1,1.53
Nagaland,Mustard,Rabi,322.3,3099.5,4545.6,1.47
Maharashtra,Barley,Rabi,490.3,1690.9,6460.0,3.82
Assam,Wheat,Rabi,751.8,344.0,1644.4,4.78
Rajasthan,Wheat,Rabi,541.7,4006.5,23149.1,5.78
Odisha,Wheat,Rabi,715.6,644.2,3064.1,4.76
Manipur,Cotton,Kharif,633.8,4978.5,15090.5,3.03
Madhya Pradesh,Potato,Rabi,589.2,1810.1,58930.3,32.56
Goa,Sugarcane,Kharif,1354.5,1705.0,178170.6,104.5
Assam,Cotton,Kharif,634.7,3105.6,9750.5,3.14
Bihar,Barley,Rabi,382.3,658.8,2094.3,3.18
Karnataka,Potato,Rabi,721.8,2315.7,66237.7,28.6
Uttar Pradesh,Sugarcane,Kharif,930.0,865.6,75309.1,87.0
Mizoram,Mustard,Rabi,338.8,776.3,1123.4,1.45
Gujarat,Soybean,Kharif,838.5,166.9,319.9,1.92
Gujarat,Wheat,Rabi,743.5,1308.0,6692.6,5.12
Maharashtra,Cotton,Kharif,807.0,3790.7,12152.9,3.21
Tripura,Soybean,Kharif,744.9,3067.1,6363.6,2.07
Tamil Nadu,Rice,Kharif,995.2,4462.5,20210.2,4.53
Odisha,Sugarcane,Kharif,1154.8,3108.8,268541.7,86.38
Punjab,Barley,Rabi,430.1,1243.6,4535.4,3.65
Mizoram,Soybean,Kharif,835.5,891.9,1924.9,2.16
Madhya Pradesh,Potato,Rabi,787.8,960.6,24031.2,25.02
Chhattisgarh,Sugarcane,Kharif,775.2,1824.0,135372.5,74.22
Punjab,Rice,Kharif,1455.2,4958.8,27505.5,5.55
Odisha,Mustard,Rabi,490.5,597.7,1093.2,1.83
Tripura,Soybean,Kharif,630.1,1059.6,1721.4,1.62
Telangana,Maize,Kharif,689.6,4266.0,18054.6,4.23
Himachal Pradesh,Barley,Rabi,352.7,431.0,1295.7,3.01
Karnataka,Cotton,Kharif,885.9,3903.1,12196.7,3.12
Madhya Pradesh,Rice,Kharif,1436.2,2849.4,15073.7,5.29
Tamil Nadu,Groundnut,Kharif,829.4,588.8,1526.3,2.59
Punjab,Rice,Kharif,935.5,3092.1,13447.7,4.35
Haryana,Soybean,Kharif,969.6,1715.6,2819.2,1.64
Telangana,Rice,Kharif,1634.0,4730.3,24606.2,5.2
Meghalaya,Maize,Kharif,608.0,3922.8,17419.4,4.44
Sikkim,Maize,Kharif,944.0,3161.2,11661.8,3.69
Jharkhand,Potato,Rabi,502.6,568.8,18594.7,32.69
Telangana,Sugarcane,Kharif,1738.6,1788.1,151245.4,84.59
Uttarakhand,Soybean,Kharif,964.2,944.7,1673.1,1.77
Rajasthan,Potato,Rabi,645.8,1821.0,56336.0,30.94
Chhattisgarh,Sugarcane,Kharif,1161.6,787.6,69461.6,88.2
Haryana,Groundnut,Kharif,580.4,3940.1,9591.4,2.43
Tamil Nadu,Wheat,Rabi,679.1,2103.2,10310.4,4.9
Arunachal Pradesh,Groundnut,Kharif,580.0,1815.0,4660.9,2.57
Tamil Nadu,Maize,Kharif,972.7,688.4,2826.3,4.11
Chhattisgarh,Barley,Rabi,315.5,4551.5,14311.2,3.14
Odisha,Soybean,Kharif,818.8,2467.9,5663.7,2.29
Jharkhand,Barley,Rabi,443.2,2215.3,8262.8,3.73
Punjab,Cotton,Kharif,525.1,1841.7,4679.1,2.54
Madhya Pradesh,Mustard,Rabi,586.3,4762.2,7484.0,1.57
Bihar,Rice,Kharif,1048.8,172.1,962.5,5.59
Arunachal Pradesh,Potato,Rabi,436.6,2802.3,71542.7,25.53
Telangana,Rice,Kharif,914.2,2751.2,13395.3,4.87
Odisha,Rice,Kharif,1497.1,4154.7,24631.8,5.93
Kerala,Mustard,Rabi,346.9,2687.5,4403.4,1.64
Andhra Pradesh,Wheat,Rabi,639.2,1015.7,5060.0,4.98
Jharkhand,Sugarcane,Kharif,1454.0,1423.5,120241.1,84.47
Kerala,Wheat,Rabi,512.5,4280.4,18304.7,4.28
Andhra Pradesh,Rice,Kharif,1521.5,3361.8,18207.6,5.42
Uttarakhand,Soybean,Kharif,932.9,3008.7,5839.2,1.94
Uttar Pradesh,Mustard,Rabi,595.8,1335.3,1703.5,1.28
Meghalaya,Mustard,Rabi,593.8,1399.6,1968.9,1.41
Kerala,Potato,Rabi,604.4,2925.7,78591.9,26.86
Manipur,Sugarcane,Kharif,1464.5,4396.6,390041.5,88.71
Manipur,Soybean,Kharif,606.2,1209.0,2185.9,1.81
Manipur,Wheat,Rabi,754.9,4640.3,24780.7,5.34
Uttarakhand,Mustard,Rabi,493.0,1808.6,3555.2,1.97
Gujarat,Cotton,Kharif,878.3,1139.6,3041.4,2.67
Nagaland,Barley,Rabi,504.5,1433.2,4615.1,3.22
Manipur,Wheat,Rabi,585.8,177.0,908.4,5.13
Punjab,Maize,Kharif,605.8,1114.7,4580.5,4.11
Arunachal Pradesh,Wheat,Rabi,497.0,4961.6,22010.5,4.44
Punjab,Barley,Rabi,462.6,181.0,678.6,3.75
Meghalaya,Sugarcane,Kharif,1420.4,4914.2,448421.9,91.25
Manipur,Soybean,Kharif,680.6,3984.9,8656.8,2.17
Maharashtra,Groundnut,Kharif,687.2,2184.0,5929.8,2.72
Bihar,Rice,Kharif,949.1,179.2,869.9,4.85
Nagaland,Groundnut,Kharif,500.5,1026.2,2176.9,2.12
Bihar,Sugarcane,Kharif,1418.6,2942.9,241337.5,82.01
Rajasthan,Mustard,Rabi,516.3,537.3,853.4,1.59
Tamil Nadu,Sugarcane,Kharif,1378.4,4016.5,384668.2,95.77
Chhattisgarh,Barley,Rabi,441.0,3694.4,10935.9,2.96
West Bengal,Barley,Rabi,457.6,3947.0,12878.6,3.26
Uttarakhand,Maize,Kharif,889.3,3423.1,14068.8,4.11
Assam,Maize,Kharif,692.9,2949.4,13925.6,4.72
Maharashtra,Barley,Rabi,464.3,1623.5,5674.2,3.5
Himachal Pradesh,Mustard,Rabi,416.4,1160.8,1899.0,1.64
Chhattisgarh,Mustard,Rabi,505.3,3368.2,5974.1,1.77
Haryana,Maize,Kharif,819.3,254.1,1072.7,4.22
Meghalaya,Soybean,Kharif,775.4,2832.5,6261.7,2.21
Telangana,Maize,Kharif,737.9,2310.7,10590.8,4.58
Mizoram,Rice,Kharif,1706.0,4463.1,22949.0,5.14
Karnataka,Maize,Kharif,517.5,3281.3,11605.8,3.54
Sikkim,Rice,Kharif,1021.8,3189.1,14145.4,4.44
Kerala,Soybean,Kharif,943.9,1277.6,2656.4,2.08
Himachal Pradesh,Soybean,Kharif,965.9,3717.1,6723.3,1.81
Haryana,Potato,Rabi,411.5,1155.1,27200.8,23.55
Tripura,Mustard,Rabi,423.6,2079.7,3959.9,1.9
Arunachal Pradesh,Cotton,Kharif,882.0,911.5,2777.2,3.05
Nagaland,Mustard,Rabi,474.9,333.6,508.7,1.52
Rajasthan,Rice,Kharif,1747.7,2066.6,9940.2,4.81
Assam,Groundnut,Kharif,767.6,2284.7,5753.1,2.52
Punjab,Soybean,Kharif,934.4,451.9,916.5,2.03
Goa,Barley,Rabi,315.5,3790.7,10466.7,2.76
Goa,Mustard,Rabi,529.0,3764.1,6802.7,1.81
Gujarat,Soybean,Kharif,808.5,3234.1,7664.7,2.37
Sikkim,Maize,Kharif,613.8,680.2,3307.0,4.86
Manipur,Cotton,Kharif,695.1,3691.3,10513.7,2.85
Meghalaya,Potato,Rabi,701.8,2339.2,70596.7,30.18
Maharashtra,Soybean,Kharif,726.6,2239.4,4836.6,2.16
Jharkhand,Soybean,Kharif,645.1,386.3,667.8,1.73
Tripura,Barley,Rabi,351.7,254.7,731.1,2.87
Assam,Sugarcane,Kharif,1592.6,1167.2,108341.1,92.82
Assam,Groundnut,Kharif,751.4,1367.3,3147.4,2.3
West Bengal,Maize,Kharif,616.5,3365.5,14491.5,4.31
Goa,Rice,Kharif,1067.9,1317.8,7278.8,5.52
Haryana,Mustard,Rabi,525.0,771.6,1188.6,1.54
Punjab,Maize,Kharif,527.2,4201.3,16342.5,3.89
Punjab,Potato,Rabi,666.9,1563.4,47191.1,30.19
Chhattisgarh,Sugarcane,Kharif,1176.7,4876.0,430637.5,88.32
Punjab,Rice,Kharif,1178.4,3103.9,15271.6,4.92
Sikkim,Soybean,Kharif,737.2,1072.2,2199.3,2.05
Jharkhand,Sugarcane,Kharif,1375.5,3487.6,304734.7,87.38
Maharashtra,Maize,Kharif,845.5,4887.0,21227.9,4.34
Goa,Sugarcane,Kharif,1360.7,1450.0,137854.3,95.07
Uttarakhand,Groundnut,Kharif,649.9,2210.5,5001.6,2.26
Mizoram,Sugarcane,Kharif,1541.6,633.1,53377.4,84.32
Uttarakhand,Soybean,Kharif,900.1,592.9,1256.2,2.12
Bihar,Rice,Kharif,1356.5,2129.1,12792.4,6.01
Tamil Nadu,Rice,Kharif,1162.3,4995.1,28299.7,5.67
Maharashtra,Potato,Rabi,459.5,4739.2,134775.3,28.44
Odisha,Soybean,Kharif,850.1,2827.5,6033.8,2.13
West Bengal,Maize,Kharif,844.1,1275.1,6311.6,4.95
Odisha,Barley,Rabi,591.4,2759.6,7805.7,2.83
Rajasthan,Rice,Kharif,1038.5,4031.8,19426.4,4.82
Gujarat,Rice,Kharif,1374.8,1118.7,6323.8,5.65
Manipur,Groundnut,Kharif,749.8,4803.2,11532.0,2.4
Rajasthan,Potato,Rabi,560.3,3917.0,114452.5,29.22
Rajasthan,Sugarcane,Kharif,1343.4,1918.8,190456.9,99.26
Uttar Pradesh,Sugarcane,Kharif,1385.6,2777.9,272940.3,98.25
Nagaland,Cotton,Kharif,750.8,493.0,1603.7,3.25
Arunachal Pradesh,Mustard,Rabi,342.3,2852.2,4023.6,1.41
Nagaland,Groundnut,Kharif,786.0,4372.2,9917.9,2.27
Assam,Cotton,Kharif,505.5,1430.3,3532.4,2.47
Manipur,Potato,Rabi,739.1,4084.3,123904.7,30.34
Haryana,Soybean,Kharif,730.3,1532.8,3479.0,2.27
Meghalaya,Potato,Rabi,705.9,2707.6,71135.7,26.27
Goa,Soybean,Kharif,884.6,1317.7,3113.7,2.36
Kerala,Cotton,Kharif,700.2,2868.5,7441.5,2.59
Maharashtra,Groundnut,Kharif,713.5,3324.0,7820.6,2.35
Sikkim,Mustard,Rabi,467.4,1484.9,2344.8,1.58
Manipur,Barley,Rabi,504.5,641.4,1976.7,3.08
Odisha,Sugarcane,Kharif,1465.1,253.5,24002.6,94.69
Rajasthan,Rice,Kharif,1278.7,4869.0,27216.2,5.59
Jharkhand,Groundnut,Kharif,637.0,397.8,1073.1,2.7
Tamil Nadu,Groundnut,Kharif,670.4,3159.2,8384.6,2.65
Manipur,Rice,Kharif,1352.9,4913.1,29456.8,6.0
Goa,Soybean,Kharif,625.0,925.2,1527.9,1.65
Arunachal Pradesh,Maize,Kharif,755.7,4549.8,18369.4,4.04
Punjab,Wheat,Rabi,452.1,220.8,989.3,4.48
Jharkhand,Soybean,Kharif,630.0,3495.3,5867.5,1.68
Bihar,Cotton,Kharif,683.2,4874.2,12720.8,2.61
Nagaland,Maize,Kharif,973.8,2871.1,10324.1,3.6
Rajasthan,Maize,Kharif,869.7,4799.1,18682.2,3.89
Tripura,Maize,Kharif,980.1,4077.3,14495.5,3.56
Nagaland,Groundnut,Kharif,770.1,117.2,276.0,2.35
Kerala,Wheat,Rabi,520.3,1864.3,8530.0,4.58
Goa,Groundnut,Kharif,539.5,3402.3,6223.0,1.83
Meghalaya,Sugarcane,Kharif,1188.6,3241.5,315725.2,97.4
Haryana,Mustard,Rabi,427.8,967.6,1844.1,1.91
Nagaland,Soybean,Kharif,992.5,4994.3,8621.8,1.73
Sikkim,Soybean,Kharif,616.9,1445.4,2661.5,1.84
Gujarat,Cotton,Kharif,788.7,3566.6,10349.4,2.9
Himachal Pradesh,Potato,Rabi,493.2,529.3,15826.1,29.9
West Bengal,Mustard,Rabi,502.3,2766.8,4678.4,1.69
Bihar,Wheat,Rabi,544.6,1341.9,7390.5,5.51
Gujarat,Potato,Rabi,467.9,120.1,3200.5,26.65
Assam,Wheat,Rabi,789.1,2066.5,9981.9,4.83
West Bengal,Cotton,Kharif,584.9,1103.6,2645.3,2.4
Arunachal Pradesh,Cotton,Kharif,600.4,3591.6,9953.1,2.77
Jharkhand,Rice,Kharif,1248.5,547.1,3273.6,5.98
Telangana,Rice,Kharif,1423.6,1721.5,9141.7,5.31
Bihar,Potato,Rabi,783.5,425.4,9918.9,23.31
Himachal Pradesh,Rice,Kharif,1225.6,4347.3,21683.5,4.99
Telangana,Groundnut,Kharif,870.0,233.2,543.6,2.33
Chhattisgarh,Rice,Kharif,1795.5,121.0,565.9,4.68
Karnataka,Mustard,Rabi,585.9,650.1,879.6,1.35
Arunachal Pradesh,Potato,Rabi,644.3,3833.7,119148.5,31.08
Manipur,Maize,Kharif,522.6,405.4,1281.1,3.16
Jharkhand,Soybean,Kharif,649.8,787.3,1604.2,2.04
Meghalaya,Soybean,Kharif,837.2,351.2,767.4,2.18
Uttar Pradesh,Potato,Rabi,475.4,3494.8,96603.4,27.64
Tamil Nadu,Maize,Kharif,862.9,3171.2,14273.4,4.5
Tamil Nadu,Sugarcane,Kharif,1217.6,325.1,27059.4,83.25
Mizoram,Mustard,Rabi,356.1,4682.3,7522.6,1.61
Goa,Barley,Rabi,409.6,4125.5,14018.7,3.4
Andhra Pradesh,Barley,Rabi,395.0,1846.3,7015.9,3.8
Mizoram,Cotton,Kharif,777.8,2572.4,8168.0,3.18
Gujarat,Maize,Kharif,814.0,3408.2,16329.3,4.79
Tripura,Barley,Rabi,356.9,257.9,905.2,3.51
Arunachal Pradesh,Cotton,Kharif,599.5,1270.8,3910.9,3.08
Jharkhand,Potato,Rabi,748.3,2001.7,48441.3,24.2
Andhra Pradesh,Cotton,Kharif,785.2,3055.6,8757.9,2.87
Jharkhand,Wheat,Rabi,704.3,2221.7,10700.4,4.82
Telangana,Rice,Kharif,1144.7,2693.3,13754.5,5.11
Maharashtra,Rice,Kharif,1258.8,2237.7,11736.6,5.24
Meghalaya,Rice,Kharif,1145.4,4492.9,24136.3,5.37
Manipur,Groundnut,Kharif,638.7,1013.4,2184.8,2.16
Haryana,Maize,Kharif,597.3,3455.5,12809.9,3.71
Karnataka,Potato,Rabi,783.5,922.7,24929.4,27.02
Telangana,Barley,Rabi,341.3,4517.2,13276.9,2.94
Goa,Sugarcane,Kharif,771.1,1253.1,108350.0,86.47
Maharashtra,Mustard,Rabi,563.7,2709.3,3991.1,1.47
Haryana,Maize,Kharif,774.6,1686.9,6535.9,3.87
Haryana,Rice,Kharif,1241.5,3277.3,19481.5,5.94
Goa,Soybean,Kharif,953.0,1385.6,2298.9,1.66
Bihar,Cotton,Kharif,588.6,665.1,1831.9,2.75
Andhra Pradesh,Potato,Rabi,441.3,2450.2,61063.1,24.92
Madhya Pradesh,Wheat,Rabi,648.2,2292.2,13328.0,5.81
Bihar,Potato,Rabi,420.2,1550.4,37694.4,24.31
Nagaland,Mustard,Rabi,588.3,4328.8,5834.4,1.35
Madhya Pradesh,Potato,Rabi,775.6,4614.1,120866.5,26.19
Goa,Sugarcane,Kharif,972.5,1068.7,91202.8,85.34
Bihar,Wheat,Rabi,683.4,4676.9,24996.0,5.34
Rajasthan,Cotton,Kharif,551.2,3976.0,8956.9,2.25
Karnataka,Wheat,Rabi,540.1,1845.2,9486.7,5.14
Arunachal Pradesh,Cotton,Kharif,659.1,4080.8,12247.7,3.0
Madhya Pradesh,Groundnut,Kharif,841.1,186.1,382.0,2.05
Nagaland,Rice,Kharif,1312.1,510.7,2928.0,5.73
Nagaland,Potato,Rabi,431.8,1866.9,49118.2,26.31
Madhya Pradesh,Cotton,Kharif,938.3,1893.3,5329.6,2.81
Gujarat,Soybean,Kharif,821.5,3647.6,8827.2,2.42
Himachal Pradesh,Potato,Rabi,708.2,1470.3,39603.0,26.93
West Bengal,Cotton,Kharif,843.4,2871.0,8544.2,2.98
Arunachal Pradesh,Rice,Kharif,1694.5,4802.7,20893.2,4.35
Uttar Pradesh,Barley,Rabi,526.4,1178.6,4263.6,3.62
Arunachal Pradesh,Cotton,Kharif,857.3,1104.4,3027.0,2.74
Maharashtra,Barley,Rabi,468.1,4523.9,14798.7,3.27
Haryana,Sugarcane,Kharif,1163.2,1546.7,135356.0,87.51
Himachal Pradesh,Maize,Kharif,864.8,1947.5,7268.2,3.73
Haryana,Mustard,Rabi,487.8,3273.2,6435.1,1.97
Gujarat,Groundnut,Kharif,697.6,421.4,1078.2,2.56
Goa,Groundnut,Kharif,717.4,234.7,599.6,2.55
Assam,Sugarcane,Kharif,1423.6,2696.5,249448.7,92.51
Meghalaya,Cotton,Kharif,617.5,1327.7,3681.0,2.77
Gujarat,Potato,Rabi,588.5,550.5,14260.1,25.9
Bihar,Wheat,Rabi,600.1,3926.6,23001.3,5.86
Kerala,Maize,Kharif,618.7,4294.9,17913.6,4.17
Chhattisgarh,Wheat,Rabi,542.9,4645.9,23462.9,5.05
Nagaland,Mustard,Rabi,411.2,1207.3,2318.7,1.92
Tamil Nadu,Barley,Rabi,349.3,1730.0,5042.6,2.91
Kerala,Soybean,Kharif,798.0,3763.1,9106.7,2.42
Rajasthan,Groundnut,Kharif,518.5,1361.0,2873.7,2.11
Bihar,Maize,Kharif,998.7,3387.6,13508.6,3.99
Gujarat,Cotton,Kharif,561.1,4956.6,13967.3,2.82
Tripura,Cotton,Kharif,565.6,4922.3,14168.8,2.88
Chhattisgarh,Rice,Kharif,1237.4,2398.2,13780.7,5.75
Nagaland,Wheat,Rabi,773.5,4444.5,22063.5,4.96
Punjab,Sugarcane,Kharif,844.4,646.5,61483.7,95.1
West Bengal,Wheat,Rabi,704.9,358.0,2084.2,5.82
Chhattisgarh,Maize,Kharif,545.4,3045.3,11730.5,3.85
Uttar Pradesh,Groundnut,Kharif,671.6,2333.8,5345.2,2.29
Punjab,Soybean,Kharif,940.2,3925.5,7468.3,1.9
Uttarakhand,Mustard,Rabi,444.6,3393.5,6719.2,1.98
Telangana,Wheat,Rabi,720.9,4537.3,25258.1,5.57
Meghalaya,Groundnut,Kharif,863.6,4865.7,10578.0,2.17
Tamil Nadu,Rice,Kharif,1311.2,355.7,1844.1,5.18
Odisha,Soybean,Kharif,828.0,4553.7,9122.9,2.0
Odisha,Rice,Kharif,1033.2,2172.8,10069.0,4.63
Meghalaya,Mustard,Rabi,566.6,754.4,1138.2,1.51
West Bengal,Rice,Kharif,998.9,4241.0,18978.0,4.47
Sikkim,Potato,Rabi,581.6,2536.5,74030.1,29.19
Telangana,Mustard,Rabi,567.8,803.5,1376.8,1.71
Meghalaya,Mustard,Rabi,463.0,3554.6,6484.7,1.82
Karnataka,Potato,Rabi,488.8,2514.5,73373.3,29.18
Punjab,Wheat,Rabi,514.8,1754.0,8292.6,4.73
Odisha,Wheat,Rabi,686.1,2779.0,16738.9,6.02
Telangana,Potato,Rabi,480.7,3886.7,93198.8,23.98
Mizoram,Soybean,Kharif,843.6,2274.6,5294.9,2.33
Tamil Nadu,Barley,Rabi,568.8,903.8,2954.0,3.27
Gujarat,Barley,Rabi,327.0,1929.0,5468.4,2.83
Madhya Pradesh,Barley,Rabi,565.6,3517.6,10757.4,3.06
Arunachal Pradesh,Maize,Kharif,767.1,103.1,433.4,4.2
Meghalaya,Mustard,Rabi,538.3,295.0,464.0,1.57
Manipur,Potato,Rabi,589.0,2006.9,59443.2,29.62
Manipur,Cotton,Kharif,536.5,2208.0,6178.0,2.8
Goa,Groundnut,Kharif,803.0,105.5,237.0,2.25
Manipur,Cotton,Kharif,655.5,1217.6,3358.1,2.76
Haryana,Cotton,Kharif,657.2,1186.2,3230.0,2.72
Sikkim,Cotton,Kharif,973.6,4953.3,13436.9,2.71
Meghalaya,Barley,Rabi,402.1,4556.7,14563.2,3.2
Manipur,Mustard,Rabi,561.4,496.3,745.3,1.5
Chhattisgarh,Rice,Kharif,1744.5,4316.6,20255.6,4.69
West Bengal,Wheat,Rabi,652.0,3841.1,20932.3,5.45
Karnataka,Wheat,Rabi,501.1,3895.1,21797.1,5.6
Rajasthan,Barley,Rabi,342.5,1482.5,4444.2,3.0
Chhattisgarh,Mustard,Rabi,477.7,4089.6,7798.8,1.91
Jharkhand,Maize,Kharif,901.5,4694.6,20501.3,4.37
Mizoram,Mustard,Rabi,470.6,1190.4,2229.6,1.87
Tamil Nadu,Barley,Rabi,325.4,3497.8,10747.7,3.07
Jharkhand,Barley,Rabi,488.7,4552.4,16684.7,3.67
Arunachal Pradesh,Wheat,Rabi,763.1,4832.9,20644.1,4.27
Manipur,Barley,Rabi,338.2,704.0,2049.2,2.91
Haryana,Maize,Kharif,732.3,4263.8,18377.6,4.31
Sikkim,Potato,Rabi,503.6,960.0,26830.0,27.95
Himachal Pradesh,Cotton,Kharif,986.9,3035.1,7200.9,2.37
Telangana,Wheat,Rabi,621.7,2053.4,10129.9,4.93
Andhra Pradesh,Groundnut,Kharif,775.0,2038.7,5427.7,2.66
Jharkhand,Groundnut,Kharif,885.2,727.9,1664.9,2.29
Assam,Rice,Kharif,1240.3,3663.6,17487.3,4.77
Chhattisgarh,Potato,Rabi,450.0,2116.5,50756.2,23.98
Tamil Nadu,Barley,Rabi,560.8,4391.8,12303.5,2.8
Bihar,Maize,Kharif,654.8,3646.6,15320.7,4.2
Madhya Pradesh,Sugarcane,Kharif,715.7,317.3,28118.5,88.62
Madhya Pradesh,Soybean,Kharif,827.7,1222.1,2711.4,2.22
Punjab,Rice,Kharif,1716.5,1476.8,6970.7,4.72
Assam,Maize,Kharif,733.1,4603.0,21330.5,4.63
Kerala,Rice,Kharif,912.1,3445.9,14125.6,4.1
Uttar Pradesh,Rice,Kharif,1515.0,336.4,1898.4,5.64
Karnataka,Potato,Rabi,785.2,1348.9,31285.7,23.19
Uttarakhand,Wheat,Rabi,666.5,4617.0,25786.9,5.59
Odisha,Mustard,Rabi,314.4,2952.8,4582.4,1.55
Madhya Pradesh,Groundnut,Kharif,519.6,1739.8,3391.8,1.95
Rajasthan,Sugarcane,Kharif,1727.6,608.4,47513.1,78.1
Arunachal Pradesh,Rice,Kharif,1571.3,3701.5,20016.6,5.41
Kerala,Soybean,Kharif,609.6,1131.4,2029.4,1.79
Arunachal Pradesh,Soybean,Kharif,723.9,1501.0,3549.9,2.36
Tripura,Wheat,Rabi,723.3,4749.1,21885.9,4.61
Andhra Pradesh,Sugarcane,Kharif,1517.1,1029.9,82820.6,80.41
Meghalaya,Maize,Kharif,543.4,3604.4,12707.2,3.53
Haryana,Rice,Kharif,1725.5,2581.8,12477.3,4.83
Karnataka,Rice,Kharif,1605.1,2964.2,16338.4,5.51
Andhra Pradesh,Potato,Rabi,785.6,1100.9,30730.0,27.91
Uttarakhand,Soybean,Kharif,906.1,3969.6,9201.7,2.32
Uttar Pradesh,Potato,Rabi,639.9,4803.7,134564.2,28.01
Tripura,Groundnut,Kharif,503.8,684.6,1243.5,1.82
Madhya Pradesh,Maize,Kharif,515.4,1838.1,6244.3,3.4
Bihar,Sugarcane,Kharif,1308.5,1506.3,132530.2,87.98
Sikkim,Potato,Rabi,435.8,4589.7,128292.1,27.95
Sikkim,Groundnut,Kharif,738.6,4909.9,12136.6,2.47
Rajasthan,Potato,Rabi,501.7,4726.9,141016.0,29.83
Gujarat,Mustard,Rabi,432.8,2917.4,5385.3,1.85
Chhattisgarh,Maize,Kharif,608.4,176.7,774.5,4.38
Assam,Rice,Kharif,1340.5,479.8,2558.9,5.33
Uttar Pradesh,Barley,Rabi,472.3,2667.5,9733.1,3.65
Chhattisgarh,Rice,Kharif,923.4,3171.6,12501.8,3.94
Uttarakhand,Barley,Rabi,356.9,3396.0,10076.6,2.97
Andhra Pradesh,Groundnut,Kharif,589.4,2510.5,6516.2,2.6
Tripura,Rice,Kharif,1032.0,4493.2,24891.4,5.54
Nagaland,Mustard,Rabi,354.5,1297.4,1959.3,1.51
Haryana,Sugarcane,Kharif,897.8,691.6,60208.6,87.05
Odisha,Wheat,Rabi,647.0,4023.1,21226.6,5.28
Manipur,Maize,Kharif,607.4,1479.8,5939.3,4.01
Mizoram,Rice,Kharif,937.2,2803.4,13643.9,4.87
Gujarat,Mustard,Rabi,508.4,3475.4,6386.1,1.84
West Bengal,Wheat,Rabi,694.8,1523.0,8529.9,5.6
Meghalaya,Potato,Rabi,713.2,4103.2,105441.2,25.7
Maharashtra,Sugarcane,Kharif,1612.4,1015.9,92221.2,90.78
Sikkim,Soybean,Kharif,713.0,4931.2,9707.2,1.97
Arunachal Pradesh,Rice,Kharif,1496.2,3265.5,16897.9,5.17
Manipur,Cotton,Kharif,836.9,3318.8,10009.0,3.02
Bihar,Soybean,Kharif,611.5,2224.4,3841.4,1.73
Haryana,Wheat,Rabi,696.7,3465.4,17305.0,4.99
Bihar,Maize,Kharif,674.7,2733.1,12574.9,4.6
Uttarakhand,Barley,Rabi,453.4,789.6,2773.6,3.51
Himachal Pradesh,Mustard,Rabi,491.8,2106.5,4134.6,1.96
Himachal Pradesh,Groundnut,Kharif,802.6,4317.6,10950.6,2.54
Odisha,Rice,Kharif,996.5,3591.8,15893.6,4.43
Mizoram,Wheat,Rabi,623.7,935.1,5195.1,5.56
Chhattisgarh,Mustard,Rabi,532.3,3397.5,4953.1,1.46
Odisha,Barley,Rabi,579.7,478.7,1563.5,3.27
Tripura,Groundnut,Kharif,537.7,4388.4,8433.5,1.92
Jharkhand,Groundnut,Kharif,673.4,399.6,956.6,2.39
Uttar Pradesh,Cotton,Kharif,906.7,441.0,1139.7,2.58
Andhra Pradesh,Cotton,Kharif,882.2,4452.8,12698.1,2.85
Sikkim,Groundnut,Kharif,594.8,1357.2,3251.2,2.4
Uttarakhand,Maize,Kharif,963.0,2005.1,6896.1,3.44
Karnataka,Soybean,Kharif,632.2,1324.5,2188.0,1.65
Telangana,Rice,Kharif,1269.6,3480.0,20642.6,5.93
Mizoram,Barley,Rabi,511.4,2920.7,9610.3,3.29
Uttarakhand,Sugarcane,Kharif,1684.2,959.7,90426.7,94.22
Gujarat,Cotton,Kharif,944.2,2223.5,5928.7,2.67
Assam,Mustard,Rabi,329.3,4978.2,6654.3,1.34
Uttar Pradesh,Maize,Kharif,927.8,4153.0,17155.0,4.13
Odisha,Mustard,Rabi,386.7,568.1,1064.8,1.87
Haryana,Groundnut,Kharif,860.5,3622.2,7663.5,2.12
Odisha,Groundnut,Kharif,566.5,237.1,561.8,2.37
West Bengal,Soybean,Kharif,908.2,3523.9,7287.9,2.07
Punjab,Groundnut,Kharif,702.5,1234.4,3050.6,2.47
Punjab,Maize,Kharif,513.8,2894.6,9973.7,3.45
Arunachal Pradesh,Mustard,Rabi,461.4,994.7,1698.0,1.71
Odisha,Potato,Rabi,613.5,3892.7,119057.0,30.58
Rajasthan,Maize,Kharif,824.9,3302.5,13053.7,3.95
Haryana,Mustard,Rabi,491.0,3424.5,6398.7,1.87
Himachal Pradesh,Sugarcane,Kharif,1320.2,3598.3,345283.8,95.96
Jharkhand,Mustard,Rabi,413.4,4797.2,9167.0,1.91
Bihar,Groundnut,Kharif,894.8,1554.6,3205.7,2.06
Uttar Pradesh,Wheat,Rabi,496.3,1278.5,5448.2,4.26
Manipur,Maize,Kharif,980.8,996.1,3571.6,3.59
Meghalaya,Maize,Kharif,854.9,2976.4,13238.3,4.45
Nagaland,Wheat,Rabi,597.7,3983.2,24073.8,6.04
Karnataka,Maize,Kharif,547.2,4918.0,19049.2,3.87
Kerala,Sugarcane,Kharif,724.2,2666.8,195349.1,73.25
Jharkhand,Soybean,Kharif,669.2,3808.0,7269.6,1.91
West Bengal,Sugarcane,Kharif,1557.6,2663.6,265001.1,99.49
Uttar Pradesh,Wheat,Rabi,724.7,2512.8,12906.6,5.14
Goa,Rice,Kharif,1494.8,3024.7,16206.8,5.36
Gujarat,Barley,Rabi,493.5,1589.9,5130.9,3.23
Odisha,Cotton,Kharif,916.8,2680.8,6479.5,2.42
Telangana,Mustard,Rabi,309.5,355.1,582.8,1.64
Kerala,Rice,Kharif,1286.8,242.3,1191.5,4.92
Nagaland,Mustard,Rabi,483.8,2245.2,4423.9,1.97
Kerala,Barley,Rabi,483.2,3697.1,12396.6,3.35
Uttar Pradesh,Sugarcane,Kharif,1766.2,4760.3,372612.6,78.27
Maharashtra,Potato,Rabi,439.8,296.7,7707.6,25.98
Kerala,Mustard,Rabi,326.5,4496.8,7812.4,1.74
Kerala,Groundnut,Kharif,843.5,2266.3,5652.1,2.49
Nagaland,Barley,Rabi,541.1,1318.5,4513.0,3.42
Jharkhand,Soybean,Kharif,760.1,4786.8,11584.2,2.42
Mizoram,Sugarcane,Kharif,1402.5,4316.1,370683.2,85.88
Kerala,Sugarcane,Kharif,1152.0,4999.5,480363.8,96.08
Haryana,Wheat,Rabi,471.5,4965.8,25017.7,5.04
Meghalaya,Sugarcane,Kharif,1637.1,343.0,31173.9,90.89
West Bengal,Soybean,Kharif,806.0,479.9,1134.6,2.36
Arunachal Pradesh,Sugarcane,Kharif,988.4,166.7,14179.4,85.08
Punjab,Groundnut,Kharif,529.4,295.7,588.3,1.99
Andhra Pradesh,Barley,Rabi,362.9,1173.3,3660.0,3.12
Odisha,Barley,Rabi,395.6,4744.7,16967.7,3.58
Bihar,Groundnut,Kharif,632.3,3478.8,7437.9,2.14
Andhra Pradesh,Groundnut,Kharif,644.6,3190.0,8593.0,2.69
Himachal Pradesh,Rice,Kharif,1581.4,933.5,4303.9,4.61
Andhra Pradesh,Maize,Kharif,954.9,161.5,665.7,4.12
Sikkim,Sugarcane,Kharif,1040.1,2623.4,224858.8,85.71
Assam,Soybean,Kharif,880.6,2257.8,4862.5,2.15
Mizoram,Rice,Kharif,1474.3,1740.8,9736.8,5.59
Madhya Pradesh,Sugarcane,Kharif,1419.1,2417.3,208895.7,86.42
Goa,Wheat,Rabi,573.8,3305.4,18442.8,5.58
Bihar,Rice,Kharif,1771.5,4919.9,24301.5,4.94
Jharkhand,Wheat,Rabi,604.9,2346.2,12955.0,5.52
Telangana,Potato,Rabi,703.5,1801.7,51253.5,28.45
Telangana,Wheat,Rabi,571.7,1995.2,11076.8,5.55
Meghalaya,Cotton,Kharif,849.7,2222.6,5895.6,2.65
Haryana,Rice,Kharif,1026.6,2366.4,10613.4,4.48
Nagaland,Sugarcane,Kharif,1557.3,4914.5,425862.9,86.65
Jharkhand,Barley,Rabi,477.3,2475.2,7789.9,3.15
Haryana,Cotton,Kharif,968.0,2043.0,5861.4,2.87
Haryana,Maize,Kharif,651.2,989.7,4696.1,4.74
Tamil Nadu,Groundnut,Kharif,783.5,4222.4,9132.7,2.16
Arunachal Pradesh,Cotton,Kharif,675.6,2979.0,7660.4,2.57
Madhya Pradesh,Maize,Kharif,732.2,1730.5,7919.8,4.58
Tripura,Mustard,Rabi,496.0,2915.2,4961.0,1.7
Rajasthan,Soybean,Kharif,805.2,4332.1,8694.1,2.01
Maharashtra,Rice,Kharif,1379.0,3956.3,23434.9,5.92
Haryana,Sugarcane,Kharif,1669.4,4129.6,373528.6,90.45
Chhattisgarh,Barley,Rabi,411.3,3422.6,12681.2,3.71
Punjab,Mustard,Rabi,432.9,4934.5,8411.4,1.7
Punjab,Groundnut,Kharif,554.8,3278.7,7270.1,2.22
Arunachal Pradesh,Wheat,Rabi,756.5,3170.1,13820.8,4.36
Manipur,Potato,Rabi,752.1,672.5,16555.2,24.62
Tamil Nadu,Potato,Rabi,416.8,1606.5,42756.1,26.61
Jharkhand,Groundnut,Kharif,622.3,4793.6,10579.1,2.21
Maharashtra,Maize,Kharif,696.1,4053.7,19790.1,4.88
Chhattisgarh,Mustard,Rabi,380.8,2963.3,4814.5,1.62
Himachal Pradesh,Soybean,Kharif,741.0,2002.7,4335.0,2.16
Punjab,Rice,Kharif,1259.2,3932.3,23042.2,5.86
Haryana,Potato,Rabi,613.4,4669.9,128582.8,27.53
Karnataka,Wheat,Rabi,727.6,1444.3,7386.6,5.11
Punjab,Barley,Rabi,456.1,4668.9,17431.6,3.73
Rajasthan,Wheat,Rabi,493.9,190.5,856.9,4.5
Haryana,Groundnut,Kharif,575.3,2210.8,4783.8,2.16
Himachal Pradesh,Sugarcane,Kharif,1717.8,2108.2,167418.5,79.41
Telangana,Rice,Kharif,1685.4,880.4,4180.6,4.75
Meghalaya,Potato,Rabi,689.5,185.2,4821.8,26.03
Punjab,Soybean,Kharif,970.5,2347.8,4131.5,1.76
Meghalaya,Wheat,Rabi,472.8,2619.6,13188.4,5.03
Maharashtra,Barley,Rabi,521.6,182.8,586.5,3.21
Uttarakhand,Cotton,Kharif,929.5,3896.8,10820.3,2.78
Sikkim,Potato,Rabi,609.5,1613.7,50853.9,31.51
Himachal Pradesh,Cotton,Kharif,836.9,1014.8,2706.9,2.67
Tamil Nadu,Potato,Rabi,692.2,4065.5,131463.3,32.34
Andhra Pradesh,Wheat,Rabi,530.4,1781.6,7927.8,4.45
Telangana,Cotton,Kharif,549.0,402.2,942.9,2.34
West Bengal,Mustard,Rabi,416.1,1173.4,2323.4,1.98
Bihar,Barley,Rabi,300.4,1465.3,3796.6,2.59
Bihar,Cotton,Kharif,741.1,4664.3,13826.8,2.96
Arunachal Pradesh,Wheat,Rabi,684.4,2110.5,10825.4,5.13
Punjab,Potato,Rabi,694.8,3271.9,95575.0,29.21
Gujarat,Sugarcane,Kharif,1578.0,1886.1,182018.9,96.51
Chhattisgarh,Maize,Kharif,796.9,3771.4,16612.5,4.4
Himachal Pradesh,Mustard,Rabi,440.5,2569.8,5088.2,1.98
Maharashtra,Groundnut,Kharif,735.2,703.8,1913.3,2.72
Jharkhand,Wheat,Rabi,531.5,3731.3,20389.8,5.46
Odisha,Groundnut,Kharif,668.0,3718.1,8151.6,2.19
Andhra Pradesh,Mustard,Rabi,482.1,4662.0,7068.3,1.52
Kerala,Mustard,Rabi,478.9,4713.0,8008.0,1.7
Uttar Pradesh,Potato,Rabi,574.9,4738.5,126687.1,26.74
Himachal Pradesh,Mustard,Rabi,327.9,137.9,216.7,1.57
Goa,Soybean,Kharif,630.8,3605.9,6120.1,1.7
Arunachal Pradesh,Wheat,Rabi,608.4,3723.8,20602.4,5.53
Tamil Nadu,Wheat,Rabi,723.6,3381.9,15540.6,4.6
Punjab,Barley,Rabi,453.9,1401.8,5299.3,3.78
Maharashtra,Potato,Rabi,583.2,2220.3,64645.4,29.12
Sikkim,Barley,Rabi,572.7,4572.0,13353.8,2.92
Bihar,Sugarcane,Kharif,1456.3,1281.4,115747.8,90.33
Tamil Nadu,Rice,Kharif,1762.7,2151.9,10949.5,5.09
Kerala,Cotton,Kharif,519.2,3400.1,8190.1,2.41
Rajasthan,Soybean,Kharif,886.3,2003.1,4615.7,2.3
West Bengal,Mustard,Rabi,420.6,3075.9,6090.3,1.98
Chhattisgarh,Sugarcane,Kharif,1252.4,1327.0,138667.0,104.5
Gujarat,Rice,Kharif,1087.6,307.5,1452.6,4.72
Arunachal Pradesh,Potato,Rabi,617.8,1369.6,38995.5,28.47
Rajasthan,Soybean,Kharif,996.2,3827.9,6545.2,1.71
Kerala,Barley,Rabi,538.0,4702.2,16434.8,3.5
Haryana,Rice,Kharif,1258.8,3289.3,19189.2,5.83
Assam,Potato,Rabi,420.5,3759.1,100004.8,26.6
Madhya Pradesh,Cotton,Kharif,541.7,1174.7,2597.7,2.21
Assam,Maize,Kharif,835.5,4954.1,24310.3,4.91
Goa,Cotton,Kharif,516.1,4168.1,11010.4,2.64
Mizoram,Groundnut,Kharif,862.0,4630.8,9971.3,2.15
Nagaland,Soybean,Kharif,817.2,1429.9,2962.4,2.07
Bihar,Potato,Rabi,546.5,4055.8,124419.0,30.68
Haryana,Rice,Kharif,1324.7,2132.8,12903.2,6.05
Arunachal Pradesh,Groundnut,Kharif,508.1,2954.7,5655.7,1.91
Gujarat,Wheat,Rabi,605.9,2528.7,13654.7,5.4
Tamil Nadu,Cotton,Kharif,887.9,3744.9,9326.0,2.49
Karnataka,Maize,Kharif,932.8,163.0,609.2,3.74
Goa,Maize,Kharif,681.8,3791.2,17280.0,4.56
Andhra Pradesh,Potato,Rabi,595.0,1940.4,55678.7,28.69
West Bengal,Groundnut,Kharif,530.9,1463.8,3090.1,2.11
Arunachal Pradesh,Mustard,Rabi,570.5,4426.3,6090.7,1.38
Tripura,Mustard,Rabi,415.1,4056.7,6469.2,1.59
Goa,Maize,Kharif,797.7,1207.3,5151.3,4.27
Assam,Soybean,Kharif,782.8,1587.1,3379.2,2.13
Chhattisgarh,Groundnut,Kharif,510.7,382.6,821.0,2.15
Tripura,Maize,Kharif,780.3,820.6,4062.2,4.95
Goa,Soybean,Kharif,897.7,141.6,306.4,2.16
Sikkim,Soybean,Kharif,868.2,2888.3,6754.3,2.34
Goa,Cotton,Kharif,720.5,1194.2,3391.7,2.84
Punjab,Wheat,Rabi,782.8,2540.8,11147.1,4.39
Maharashtra,Wheat,Rabi,460.1,640.6,3152.5,4.92
Rajasthan,Potato,Rabi,773.5,272.4,7326.3,26.89
Nagaland,Potato,Rabi,445.5,4268.9,120566.3,28.24
Mizoram,Potato,Rabi,697.2,2212.4,60352.9,27.28
Rajasthan,Soybean,Kharif,872.6,3695.9,7189.4,1.95
Meghalaya,Wheat,Rabi,494.0,4359.0,20616.8,4.73
Tripura,Soybean,Kharif,739.9,2464.1,5963.2,2.42
Gujarat,Groundnut,Kharif,870.5,2856.7,5519.2,1.93
Telangana,Barley,Rabi,352.8,2617.9,8654.8,3.31
Himachal Pradesh,Rice,Kharif,1506.2,2803.7,14205.3,5.07
Rajasthan,Soybean,Kharif,929.3,4468.7,9384.7,2.1
Telangana,Cotton,Kharif,803.0,871.0,2238.8,2.57
Himachal Pradesh,Barley,Rabi,598.5,2777.5,7052.4,2.54
Kerala,Cotton,Kharif,928.9,4317.4,10956.1,2.54
Bihar,Potato,Rabi,562.6,4700.5,155117.4,33.0
Manipur,Barley,Rabi,587.8,4474.0,11705.1,2.62
Assam,Groundnut,Kharif,866.9,607.4,1247.5,2.05
Uttar Pradesh,Maize,Kharif,687.9,4970.6,22279.2,4.48
Arunachal Pradesh,Soybean,Kharif,789.5,863.7,2090.2,2.42
Chhattisgarh,Cotton,Kharif,904.8,1699.9,4999.4,2.94
Rajasthan,Groundnut,Kharif,626.8,4837.6,11869.4,2.45
Arunachal Pradesh,Wheat,Rabi,730.1,2911.7,15560.1,5.34
Jharkhand,Barley,Rabi,389.4,3121.3,9811.3,3.14
West Bengal,Maize,Kharif,704.7,3151.2,13945.9,4.43
Nagaland,Cotton,Kharif,678.1,4687.1,15052.8,3.21
Karnataka,Rice,Kharif,1382.8,3610.0,21265.5,5.89
Himachal Pradesh,Mustard,Rabi,404.6,3518.4,6723.1,1.91
Odisha,Potato,Rabi,530.3,3164.9,98473.4,31.11
Manipur,Barley,Rabi,395.5,4919.6,17283.6,3.51
Chhattisgarh,Barley,Rabi,348.1,1742.4,5397.7,3.1
Meghalaya,Rice,Kharif,1528.9,160.8,745.6,4.64
Mizoram,Cotton,Kharif,919.1,2971.9,7183.5,2.42
Gujarat,Rice,Kharif,1571.5,4473.3,20304.2,4.54
Nagaland,Rice,Kharif,1398.1,4692.6,26235.9,5.59
Andhra Pradesh,Groundnut,Kharif,779.7,4190.2,10103.5,2.41
Assam,Barley,Rabi,429.6,253.2,826.1,3.26
Bihar,Potato,Rabi,687.9,2035.7,61729.9,30.32
Haryana,Potato,Rabi,491.1,3256.6,94339.0,28.97
Kerala,Mustard,Rabi,414.4,3028.7,5669.4,1.87
Tamil Nadu,Groundnut,Kharif,659.4,119.7,282.1,2.36
Himachal Pradesh,Mustard,Rabi,356.0,3428.9,5902.4,1.72
Manipur,Sugarcane,Kharif,744.6,4166.8,359844.4,86.36
Bihar,Barley,Rabi,512.2,3594.5,13493.5,3.75
Himachal Pradesh,Soybean,Kharif,862.2,4499.4,8956.6,1.99
Andhra Pradesh,Rice,Kharif,1643.4,4062.1,18426.5,4.54
Manipur,Cotton,Kharif,713.7,3453.8,10004.0,2.9
Tamil Nadu,Maize,Kharif,576.4,1059.3,4757.3,4.49
Tamil Nadu,Rice,Kharif,1293.0,1845.5,11002.1,5.96
Gujarat,Rice,Kharif,944.9,201.7,906.9,4.5
Telangana,Maize,Kharif,673.8,1814.4,6925.7,3.82
Goa,Maize,Kharif,813.2,550.0,2389.7,4.35
Kerala,Wheat,Rabi,507.3,2356.9,10670.8,4.53
Mizoram,Maize,Kharif,940.1,4350.8,15445.6,3.55
Haryana,Rice,Kharif,1228.9,2944.1,16748.3,5.69
Goa,Cotton,Kharif,914.7,1696.2,4009.3,2.36
Uttarakhand,Maize,Kharif,719.1,4944.4,20663.6,4.18
Sikkim,Rice,Kharif,1074.7,4345.4,21982.5,5.06
Tripura,Potato,Rabi,767.8,4555.0,122393.0,26.87
Tripura,Potato,Rabi,759.3,3730.0,104164.9,27.93
Tamil Nadu,Sugarcane,Kharif,760.2,2592.0,226988.2,87.57
Arunachal Pradesh,Maize,Kharif,868.0,4772.5,20662.1,4.33
Himachal Pradesh,Wheat,Rabi,481.2,4604.5,21407.8,4.65
Assam,Barley,Rabi,511.7,3783.0,11652.2,3.08
Tamil Nadu,Mustard,Rabi,358.1,4458.0,6698.8,1.5
Manipur,Barley,Rabi,321.9,4441.6,14048.5,3.16
Mizoram,Mustard,Rabi,529.8,1530.9,2391.1,1.56
Tripura,Groundnut,Kharif,857.6,2379.4,5348.6,2.25
Goa,Mustard,Rabi,386.6,400.6,749.5,1.87
Maharashtra,Maize,Kharif,895.0,2022.0,8029.0,3.97
Manipur,Maize,Kharif,992.2,1119.6,4271.1,3.81
Meghalaya,Cotton,Kharif,773.3,4959.8,16265.8,3.28
Jharkhand,Mustard,Rabi,390.0,3386.6,5335.3,1.58
Himachal Pradesh,Soybean,Kharif,697.5,4062.7,7552.3,1.86
Goa,Groundnut,Kharif,622.7,4043.2,8746.1,2.16
Mizoram,Cotton,Kharif,869.6,1093.9,3271.0,2.99
West Bengal,Soybean,Kharif,797.9,693.9,1417.5,2.04
Assam,Barley,Rabi,586.3,3698.6,11492.5,3.11
Tamil Nadu,Mustard,Rabi,563.5,2370.3,3440.6,1.45
Himachal Pradesh,Wheat,Rabi,779.8,1111.3,4847.0,4.36
Tripura,Soybean,Kharif,993.5,162.4,273.0,1.68
Kerala,Wheat,Rabi,663.6,3335.9,19007.2,5.7
Arunachal Pradesh,Maize,Kharif,645.5,1087.5,4325.7,3.98
Odisha,Potato,Rabi,445.0,316.8,7680.2,24.24
Nagaland,Mustard,Rabi,511.9,4938.0,7659.7,1.55
Tamil Nadu,Mustard,Rabi,497.2,4987.1,9375.3,1.88
Nagaland,Rice,Kharif,1384.3,2703.9,13916.7,5.15
West Bengal,Cotton,Kharif,963.4,4225.8,10165.0,2.41
Meghalaya,Cotton,Kharif,859.1,1898.9,5202.6,2.74
Bihar,Barley,Rabi,333.8,1052.4,3379.1,3.21
West Bengal,Cotton,Kharif,816.7,913.7,2530.8,2.77
Bihar,Barley,Rabi,361.4,2749.0,8607.3,3.13
Odisha,Groundnut,Kharif,741.0,282.9,711.6,2.52
Andhra Pradesh,Mustard,Rabi,551.1,1087.1,1539.1,1.42
Himachal Pradesh,Sugarcane,Kharif,1767.4,1530.6,134041.1,87.57
Sikkim,Mustard,Rabi,515.2,4380.6,6971.6,1.59
Meghalaya,Wheat,Rabi,667.8,2074.0,11102.7,5.35
Mizoram,Barley,Rabi,573.3,1595.0,5193.4,3.26
Tripura,Wheat,Rabi,752.5,896.0,3885.5,4.34
Goa,Groundnut,Kharif,815.6,677.7,1661.1,2.45
Himachal Pradesh,Mustard,Rabi,571.1,507.6,720.7,1.42
Karnataka,Mustard,Rabi,336.6,158.5,262.8,1.66
Rajasthan,Maize,Kharif,559.6,317.0,1158.6,3.65
Odisha,Mustard,Rabi,323.4,587.0,934.1,1.59
Maharashtra,Cotton,Kharif,500.2,2068.6,5516.7,2.67
Odisha,Barley,Rabi,564.2,4299.7,12947.1,3.01
Gujarat,Cotton,Kharif,861.5,3943.0,11138.3,2.82
Haryana,Groundnut,Kharif,650.5,1879.3,4543.8,2.42
Sikkim,Wheat,Rabi,712.7,2746.0,15416.6,5.61
Manipur,Mustard,Rabi,503.7,816.5,1440.3,1.76
Himachal Pradesh,Cotton,Kharif,712.8,3128.1,8668.9,2.77
Haryana,Maize,Kharif,981.4,4930.3,16364.0,3.32
West Bengal,Cotton,Kharif,727.1,4432.0,14172.7,3.2
Mizoram,Cotton,Kharif,568.1,3196.7,8047.9,2.52
Maharashtra,Sugarcane,Kharif,1305.8,1209.7,106324.7,87.9
Telangana,Groundnut,Kharif,759.1,3249.4,8684.0,2.67
Sikkim,Wheat,Rabi,489.5,3635.4,17680.0,4.86
Himachal Pradesh,Groundnut,Kharif,815.6,1354.9,3109.1,2.29
Tamil Nadu,Mustard,Rabi,464.5,1181.4,2021.2,1.71
Haryana,Wheat,Rabi,758.1,698.9,3105.7,4.44
Mizoram,Potato,Rabi,728.3,2956.1,74040.9,25.05
Rajasthan,Wheat,Rabi,570.5,4506.5,24671.6,5.47
Andhra Pradesh,Soybean,Kharif,884.4,1105.9,2234.3,2.02
Tripura,Wheat,Rabi,677.6,747.2,4411.2,5.9
Kerala,Cotton,Kharif,648.9,3680.7,10668.8,2.9
Jharkhand,Cotton,Kharif,726.2,4032.5,10950.9,2.72
Manipur,Rice,Kharif,1345.9,4676.1,28290.3,6.05
Kerala,Mustard,Rabi,401.7,302.8,516.8,1.71
Karnataka,Potato,Rabi,511.5,2108.4,60665.8,28.77
Himachal Pradesh,Mustard,Rabi,420.2,664.8,1167.1,1.76
Himachal Pradesh,Mustard,Rabi,598.6,2251.1,3028.9,1.35
Haryana,Rice,Kharif,1407.3,4019.5,20089.6,5.0
Gujarat,Sugarcane,Kharif,1661.9,3291.9,272074.8,82.65
Uttarakhand,Soybean,Kharif,783.7,922.6,2221.1,2.41
Uttar Pradesh,Mustard,Rabi,322.0,1639.0,2289.2,1.4
Uttarakhand,Cotton,Kharif,875.0,3469.3,8927.9,2.57
Uttarakhand,Rice,Kharif,1740.5,2981.1,12733.9,4.27
Rajasthan,Mustard,Rabi,428.3,2697.9,4393.5,1.63
Himachal Pradesh,Potato,Rabi,493.1,740.1,19413.4,26.23
Mizoram,Wheat,Rabi,536.5,4789.2,22929.5,4.79
Tamil Nadu,Cotton,Kharif,514.7,231.6,508.3,2.19
Tamil Nadu,Groundnut,Kharif,542.4,3136.0,7059.9,2.25
Chhattisgarh,Maize,Kharif,619.1,1714.0,7090.6,4.14
Uttarakhand,Cotton,Kharif,944.2,2091.0,4773.1,2.28
Andhra Pradesh,Wheat,Rabi,579.8,2236.6,11297.7,5.05
Meghalaya,Sugarcane,Kharif,1348.3,1371.0,117585.3,85.76
Goa,Soybean,Kharif,695.0,4746.4,10506.5,2.21
Manipur,Sugarcane,Kharif,1009.3,4734.7,403128.1,85.14
Uttar Pradesh,Soybean,Kharif,684.7,1031.9,1830.2,1.77
Rajasthan,Sugarcane,Kharif,1545.0,1622.9,142458.1,87.78
Meghalaya,Soybean,Kharif,953.6,3533.6,5850.0,1.66
Chhattisgarh,Mustard,Rabi,440.1,970.3,1917.0,1.98
Mizoram,Soybean,Kharif,741.2,1181.9,2261.7,1.91
Rajasthan,Soybean,Kharif,808.7,461.2,1034.9,2.24
Rajasthan,Wheat,Rabi,738.0,2884.9,16043.3,5.56
Tripura,Sugarcane,Kharif,1526.4,4804.2,478369.9,99.57
Bihar,Wheat,Rabi,460.3,399.6,2006.1,5.02
Sikkim,Potato,Rabi,552.0,1742.1,44375.4,25.47
Uttar Pradesh,Groundnut,Kharif,896.0,3980.9,7395.5,1.86
Madhya Pradesh,Soybean,Kharif,795.8,641.2,1477.8,2.3
Telangana,Soybean,Kharif,923.6,1342.0,2740.3,2.04
Chhattisgarh,Mustard,Rabi,437.9,4340.5,7420.0,1.71
Telangana,Cotton,Kharif,875.2,2963.9,8680.9,2.93
West Bengal,Groundnut,Kharif,543.8,273.8,635.2,2.32
Maharashtra,Sugarcane,Kharif,1096.0,3812.2,378072.4,99.18
Goa,Barley,Rabi,487.4,4221.0,15571.2,3.69
Odisha,Sugarcane,Kharif,1089.4,1876.8,195228.3,104.02
Andhra Pradesh,Mustard,Rabi,336.4,361.5,531.0,1.47
Tripura,Wheat,Rabi,475.9,4827.0,21239.7,4.4
Arunachal Pradesh,Sugarcane,Kharif,893.7,474.3,38240.8,80.62
Karnataka,Sugarcane,Kharif,776.8,4954.6,414281.1,83.62
Meghalaya,Sugarcane,Kharif,858.0,3576.7,304936.0,85.26
Nagaland,Potato,Rabi,727.1,3538.5,101862.1,28.79
Tripura,Cotton,Kharif,763.9,2887.0,8948.9,3.1
Haryana,Groundnut,Kharif,506.9,4013.5,8446.7,2.1
Uttarakhand,Maize,Kharif,579.3,1226.6,4575.9,3.73
Bihar,Mustard,Rabi,440.1,1322.3,2397.9,1.81
Tripura,Barley,Rabi,503.9,1947.3,6152.1,3.16
Telangana,Cotton,Kharif,776.5,879.2,2596.0,2.95
Tamil Nadu,Maize,Kharif,645.3,2312.4,11261.4,4.87
Uttarakhand,Potato,Rabi,522.5,2116.0,56865.1,26.87
Rajasthan,Maize,Kharif,982.3,609.7,2241.3,3.68
Himachal Pradesh,Barley,Rabi,406.4,2872.1,10766.9,3.75
Nagaland,Cotton,Kharif,576.0,375.7,981.7,2.61
Madhya Pradesh,Groundnut,Kharif,811.2,890.8,2010.1,2.26
Uttar Pradesh,Potato,Rabi,728.5,1223.7,35580.3,29.08
Sikkim,Potato,Rabi,720.6,1166.3,31938.2,27.38
Madhya Pradesh,Barley,Rabi,474.6,4314.6,15437.6,3.58
West Bengal,Potato,Rabi,499.8,3979.4,103166.9,25.93
Kerala,Barley,Rabi,505.8,703.5,2243.3,3.19
Jharkhand,Barley,Rabi,493.7,375.4,1359.1,3.62
Andhra Pradesh,Groundnut,Kharif,607.5,2838.3,6154.4,2.17
Manipur,Potato,Rabi,644.1,3006.6,83226.3,27.68
West Bengal,Barley,Rabi,373.4,638.4,2220.2,3.48
Jharkhand,Groundnut,Kharif,552.4,1691.9,3838.5,2.27
Telangana,Soybean,Kharif,737.0,1287.4,3115.4,2.42
Uttar Pradesh,Maize,Kharif,911.3,2819.9,10813.3,3.83
Uttar Pradesh,Cotton,Kharif,726.2,2555.0,7892.9,3.09
Manipur,Barley,Rabi,390.8,2011.6,5921.5,2.94
Mizoram,Maize,Kharif,845.3,1759.8,7094.1,4.03
Sikkim,Sugarcane,Kharif,806.6,199.2,15730.0,78.96
Odisha,Maize,Kharif,719.6,4625.0,22267.2,4.81
Mizoram,Groundnut,Kharif,665.4,4391.5,10376.2,2.36
Uttar Pradesh,Soybean,Kharif,738.6,4667.9,10188.4,2.18
Goa,Soybean,Kharif,668.7,3211.5,5611.9,1.75
Haryana,Maize,Kharif,904.1,986.0,4031.6,4.09
Chhattisgarh,Soybean,Kharif,997.1,4084.0,6953.4,1.7
West Bengal,Rice,Kharif,987.6,3348.8,14720.9,4.4
Himachal Pradesh,Wheat,Rabi,559.7,3442.8,19052.2,5.53
Uttar Pradesh,Sugarcane,Kharif,1576.3,4245.3,409828.7,96.54
Odisha,Rice,Kharif,1355.0,2528.8,14338.0,5.67
Odisha,Cotton,Kharif,898.3,1509.1,3818.4,2.53
Haryana,Wheat,Rabi,580.7,3548.4,20993.0,5.92
Himachal Pradesh,Wheat,Rabi,553.0,4638.3,24754.9,5.34
Chhattisgarh,Barley,Rabi,480.3,1911.5,6349.1,3.32
Telangana,Soybean,Kharif,604.6,2090.0,3737.9,1.79
Nagaland,Rice,Kharif,1319.5,2582.3,15590.9,6.04
Assam,Rice,Kharif,1290.6,4588.6,23502.2,5.12
Jharkhand,Groundnut,Kharif,607.9,263.2,570.8,2.17
Mizoram,Wheat,Rabi,455.9,3307.2,14622.8,4.42
Arunachal Pradesh,Soybean,Kharif,671.8,4731.1,7906.0,1.67
Uttar Pradesh,Sugarcane,Kharif,922.1,2460.3,195186.6,79.34
Chhattisgarh,Wheat,Rabi,782.1,2629.5,11052.1,4.2
Jharkhand,Cotton,Kharif,602.8,3394.1,8876.8,2.62
Himachal Pradesh,Potato,Rabi,407.0,945.7,22689.8,23.99
Rajasthan,Soybean,Kharif,986.2,4552.1,7168.6,1.57
Tamil Nadu,Potato,Rabi,554.4,2692.7,84916.3,31.54
Madhya Pradesh,Wheat,Rabi,543.1,843.2,4458.2,5.29
Manipur,Potato,Rabi,683.3,4838.4,143260.2,29.61
Uttarakhand,Cotton,Kharif,864.3,3382.8,9572.9,2.83
Goa,Barley,Rabi,373.5,1420.2,5126.5,3.61
Uttarakhand,Rice,Kharif,1437.3,3605.7,18766.0,5.2
Himachal Pradesh,Mustard,Rabi,460.2,1178.0,2332.5,1.98
Chhattisgarh,Cotton,Kharif,535.5,4382.2,11002.1,2.51
Rajasthan,Mustard,Rabi,338.5,1795.9,2415.2,1.34
Karnataka,Soybean,Kharif,753.6,2560.6,5667.4,2.21
Chhattisgarh,Potato,Rabi,768.2,833.7,22080.2,26.49
Chhattisgarh,Maize,Kharif,794.1,1731.2,7446.1,4.3
Gujarat,Mustard,Rabi,444.4,1778.1,2874.7,1.62
Haryana,Groundnut,Kharif,614.0,4096.5,9665.1,2.36
Bihar,Groundnut,Kharif,532.9,1924.9,4025.5,2.09
Odisha,Soybean,Kharif,615.7,1973.1,3161.0,1.6
Meghalaya,Wheat,Rabi,502.5,1622.5,8078.8,4.98
Tripura,Rice,Kharif,1758.2,3398.3,16183.1,4.76
Haryana,Potato,Rabi,754.6,2193.2,56405.2,25.72
Madhya Pradesh,Cotton,Kharif,684.5,1818.7,5674.1,3.12
Kerala,Wheat,Rabi,490.8,2503.0,13749.9,5.49
Assam,Groundnut,Kharif,718.8,4630.5,11225.2,2.42
Sikkim,Rice,Kharif,1000.4,2771.4,12436.7,4.49
Kerala,Soybean,Kharif,775.6,631.6,1459.6,2.31
Uttarakhand,Potato,Rabi,700.1,2105.8,60599.5,28.78
Jharkhand,Groundnut,Kharif,653.1,4087.4,10224.8,2.5
Sikkim,Groundnut,Kharif,596.9,2684.4,6195.0,2.31
Nagaland,Barley,Rabi,457.1,737.0,2344.8,3.18
Jharkhand,Sugarcane,Kharif,1709.2,112.5,9974.1,88.65
West Bengal,Soybean,Kharif,677.3,611.2,1295.4,2.12
Jharkhand,Soybean,Kharif,662.2,858.6,1732.3,2.02
Karnataka,Sugarcane,Kharif,1635.6,2574.3,197686.4,76.79
Sikkim,Groundnut,Kharif,766.7,898.3,2402.7,2.67
Himachal Pradesh,Groundnut,Kharif,517.3,1961.6,3818.9,1.95
Bihar,Sugarcane,Kharif,1418.7,4938.5,451061.7,91.34
Tripura,Sugarcane,Kharif,1551.5,3640.5,328429.5,90.22
Sikkim,Maize,Kharif,707.5,1020.6,4122.6,4.04
Jharkhand,Groundnut,Kharif,855.5,2127.9,4604.3,2.16
Kerala,Cotton,Kharif,628.6,3517.2,9662.3,2.75
Karnataka,Cotton,Kharif,627.4,1354.2,3934.2,2.91
Assam,Maize,Kharif,741.7,2876.6,13672.7,4.75
Odisha,Barley,Rabi,368.5,207.7,652.2,3.14
Punjab,Cotton,Kharif,894.4,3605.8,9157.3,2.54
Tamil Nadu,Sugarcane,Kharif,1224.1,3021.3,296562.5,98.16
Sikkim,Cotton,Kharif,679.3,4711.0,12623.0,2.68
Arunachal Pradesh,Mustard,Rabi,453.4,129.1,234.4,1.82
Himachal Pradesh,Cotton,Kharif,512.4,872.8,2149.4,2.46
Uttarakhand,Wheat,Rabi,765.3,1807.9,9188.4,5.08
Karnataka,Rice,Kharif,1532.1,2536.6,14751.3,5.82
Arunachal Pradesh,Wheat,Rabi,713.4,4165.0,19892.2,4.78
Bihar,Cotton,Kharif,859.4,4211.2,10938.9,2.6
Karnataka,Rice,Kharif,1545.8,3932.1,18606.3,4.73
Meghalaya,Maize,Kharif,891.3,3368.3,14527.3,4.31
Andhra Pradesh,Barley,Rabi,316.7,2926.3,8257.1,2.82
Sikkim,Maize,Kharif,538.1,2458.1,10348.0,4.21
Manipur,Wheat,Rabi,770.7,4642.6,24420.2,5.26
Gujarat,Cotton,Kharif,616.2,1933.6,4865.8,2.52
Uttar Pradesh,Sugarcane,Kharif,1583.3,4017.6,351704.2,87.54
Kerala,Soybean,Kharif,750.9,2357.7,5301.6,2.25
Mizoram,Sugarcane,Kharif,901.8,1083.3,103368.6,95.42
Manipur,Wheat,Rabi,600.2,1926.5,11655.3,6.05
Karnataka,Potato,Rabi,595.7,1289.7,36049.1,27.95
Arunachal Pradesh,Maize,Kharif,752.9,1155.7,4816.1,4.17
West Bengal,Wheat,Rabi,687.9,1907.1,10389.0,5.45
Uttarakhand,Cotton,Kharif,855.2,2061.5,5394.9,2.62
Assam,Groundnut,Kharif,781.4,1880.3,4143.3,2.2
Maharashtra,Soybean,Kharif,745.1,4849.3,10584.6,2.18
Jharkhand,Potato,Rabi,534.4,802.8,21575.0,26.88
Gujarat,Groundnut,Kharif,518.2,4157.7,9759.0,2.35
Bihar,Barley,Rabi,590.2,4756.6,13533.2,2.85
Odisha,Mustard,Rabi,321.2,1927.4,3054.1,1.58
Himachal Pradesh,Barley,Rabi,303.7,405.0,1101.3,2.72
Assam,Rice,Kharif,1085.8,2603.9,13202.2,5.07
Rajasthan,Mustard,Rabi,336.5,432.0,710.2,1.64
Uttar Pradesh,Cotton,Kharif,949.4,3018.9,8156.9,2.7
West Bengal,Sugarcane,Kharif,922.5,3730.0,319831.5,85.75
Rajasthan,Sugarcane,Kharif,777.9,792.4,64551.4,81.46
Haryana,Rice,Kharif,1238.4,183.9,1089.1,5.92
Telangana,Rice,Kharif,1648.7,596.5,2838.3,4.76
Tripura,Soybean,Kharif,952.1,2024.7,4400.7,2.17
Mizoram,Mustard,Rabi,543.9,3384.6,5325.1,1.57
Meghalaya,Wheat,Rabi,632.4,547.7,3026.0,5.52
Uttar Pradesh,Rice,Kharif,1128.8,2995.9,15790.8,5.27
Assam,Sugarcane,Kharif,1012.0,4372.0,421556.4,96.42
Gujarat,Potato,Rabi,644.5,437.0,13302.0,30.44
Mizoram,Groundnut,Kharif,874.2,1499.2,3488.6,2.33
Haryana,Wheat,Rabi,792.4,492.3,2150.7,4.37
Telangana,Groundnut,Kharif,728.4,4524.3,9963.0,2.2
Uttarakhand,Potato,Rabi,595.3,4130.7,123170.5,29.82
Meghalaya,Potato,Rabi,755.8,4497.7,117777.8,26.19
Nagaland,Mustard,Rabi,350.1,902.7,1306.5,1.45
Tamil Nadu,Wheat,Rabi,581.3,1053.2,5651.7,5.37
Arunachal Pradesh,Sugarcane,Kharif,1387.1,4745.0,406615.9,85.69
Jharkhand,Barley,Rabi,530.2,4118.3,13955.9,3.39
Maharashtra,Barley,Rabi,588.9,3601.5,10747.2,2.98
Kerala,Rice,Kharif,1669.0,3141.5,15426.8,4.91
Tamil Nadu,Sugarcane,Kharif,1368.7,4153.7,421681.4,101.52
Kerala,Mustard,Rabi,367.3,2989.7,5271.9,1.76
Odisha,Sugarcane,Kharif,766.9,295.6,23903.6,80.85
Himachal Pradesh,Groundnut,Kharif,638.7,4320.9,10271.8,2.38
Punjab,Potato,Rabi,485.3,950.0,27037.0,28.46
Madhya Pradesh,Wheat,Rabi,666.7,4398.7,22954.4,5.22
Punjab,Wheat,Rabi,461.3,4792.9,19827.7,4.14
Meghalaya,Cotton,Kharif,606.3,2735.4,7837.6,2.87
Goa,Rice,Kharif,1304.4,1967.6,11772.6,5.98
Himachal Pradesh,Potato,Rabi,686.1,4005.2,129860.2,32.42
Andhra Pradesh,Groundnut,Kharif,546.3,3696.6,7624.3,2.06
Sikkim,Soybean,Kharif,719.1,206.8,425.1,2.06
Sikkim,Rice,Kharif,1185.4,1691.9,9894.8,5.85
Uttar Pradesh,Groundnut,Kharif,677.9,4255.9,10471.8,2.46
Manipur,Rice,Kharif,1649.5,2663.5,12062.0,4.53
Uttarakhand,Sugarcane,Kharif,927.5,987.9,96529.3,97.71
Andhra Pradesh,Soybean,Kharif,700.4,4658.5,8811.7,1.89
West Bengal,Barley,Rabi,447.3,2876.3,10009.3,3.48
Madhya Pradesh,Barley,Rabi,597.0,2241.7,6390.5,2.85
Kerala,Potato,Rabi,725.0,2775.8,77014.1,27.74
Maharashtra,Soybean,Kharif,940.0,1675.8,3312.6,1.98
Punjab,Sugarcane,Kharif,1603.4,1591.1,144364.9,90.73
Andhra Pradesh,Barley,Rabi,583.5,3372.0,10322.5,3.06
Bihar,Rice,Kharif,1376.3,539.2,3262.2,6.05
Meghalaya,Maize,Kharif,981.1,1736.6,5990.8,3.45
Arunachal Pradesh,Rice,Kharif,934.8,1500.6,6376.3,4.25
Meghalaya,Cotton,Kharif,807.6,130.3,379.0,2.91
Telangana,Wheat,Rabi,765.7,2051.9,9927.9,4.84
Jharkhand,Potato,Rabi,617.5,932.1,26496.2,28.43
Andhra Pradesh,Cotton,Kharif,742.2,822.2,2419.9,2.94
Karnataka,Cotton,Kharif,781.8,1934.7,6183.4,3.2
Meghalaya,Sugarcane,Kharif,1747.3,3524.6,295427.1,83.82
Rajasthan,Sugarcane,Kharif,1613.0,4666.2,449338.7,96.3
West Bengal,Sugarcane,Kharif,1034.7,277.7,22327.7,80.39
Sikkim,Maize,Kharif,727.9,1736.7,8596.5,4.95
Sikkim,Groundnut,Kharif,527.9,293.9,609.3,2.07
Nagaland,Barley,Rabi,345.8,3893.9,10573.7,2.72
Gujarat,Potato,Rabi,495.4,1021.4,26023.9,25.48
Madhya Pradesh,Wheat,Rabi,598.9,4879.0,25866.0,5.3
Uttar Pradesh,Soybean,Kharif,784.6,1189.4,2523.8,2.12
Assam,Mustard,Rabi,359.0,439.8,672.7,1.53
Mizoram,Cotton,Kharif,728.6,2084.5,5407.9,2.59
Goa,Potato,Rabi,410.4,898.1,24471.2,27.25
Madhya Pradesh,Maize,Kharif,978.8,3129.2,11399.4,3.64
Andhra Pradesh,Cotton,Kharif,725.0,181.5,481.2,2.65
Tamil Nadu,Maize,Kharif,619.2,4374.9,16087.2,3.68
Uttar Pradesh,Maize,Kharif,677.4,3022.3,12064.5,3.99
Maharashtra,Sugarcane,Kharif,850.1,4010.8,353582.8,88.16
Manipur,Wheat,Rabi,481.9,3829.9,19148.6,5.0
Odisha,Maize,Kharif,584.3,3653.2,13724.3,3.76
Nagaland,Wheat,Rabi,634.1,2061.4,10557.7,5.12
Assam,Wheat,Rabi,539.1,2508.4,13509.1,5.39
Tripura,Wheat,Rabi,531.5,2583.7,13043.5,5.05
Karnataka,Sugarcane,Kharif,725.4,4068.4,365342.2,89.8
Nagaland,Rice,Kharif,1652.5,4037.7,20630.3,5.11
Assam,Groundnut,Kharif,525.9,4947.6,10235.8,2.07
Meghalaya,Mustard,Rabi,556.9,2102.5,3214.7,1.53
Uttarakhand,Groundnut,Kharif,548.4,1960.3,3871.3,1.97
Telangana,Barley,Rabi,417.5,3157.1,11694.6,3.7
Uttarakhand,Groundnut,Kharif,787.5,2289.2,5223.9,2.28
Jharkhand,Wheat,Rabi,535.2,4387.8,25847.4,5.89
Jharkhand,Rice,Kharif,1015.4,2438.2,11778.6,4.83
West Bengal,Potato,Rabi,435.9,3017.7,86202.7,28.57
Kerala,Groundnut,Kharif,665.4,2762.9,6693.2,2.42
Nagaland,Groundnut,Kharif,859.1,2570.3,5296.3,2.06
Haryana,Groundnut,Kharif,720.0,3952.2,9329.8,2.36
Nagaland,Mustard,Rabi,519.9,3982.5,7103.4,1.78
Mizoram,Wheat,Rabi,605.5,2254.9,13131.8,5.82
Himachal Pradesh,Maize,Kharif,817.0,3313.6,13533.2,4.08
Meghalaya,Maize,Kharif,634.0,1471.7,6259.7,4.25
Meghalaya,Rice,Kharif,938.5,784.9,3607.7,4.6
Assam,Wheat,Rabi,506.6,3689.9,16131.7,4.37
Andhra Pradesh,Potato,Rabi,529.8,4094.4,102604.7,25.06
Rajasthan,Soybean,Kharif,792.0,1286.6,3113.7,2.42
West Bengal,Groundnut,Kharif,802.0,3882.3,7950.8,2.05
Punjab,Wheat,Rabi,516.5,1732.1,9175.5,5.3
Uttarakhand,Wheat,Rabi,757.5,1960.0,10165.0,5.19
Odisha,Mustard,Rabi,348.3,3549.5,6313.4,1.78
Tamil Nadu,Wheat,Rabi,473.0,1530.4,7687.1,5.02
Assam,Barley,Rabi,333.1,1294.7,4008.2,3.1
Chhattisgarh,Potato,Rabi,555.1,2290.2,68410.4,29.87
Telangana,Cotton,Kharif,568.7,4370.6,9955.4,2.28
Haryana,Rice,Kharif,1185.7,444.6,2393.5,5.38
Odisha,Groundnut,Kharif,718.7,4326.6,10028.8,2.32
Uttarakhand,Cotton,Kharif,903.1,4137.0,12553.0,3.03
Kerala,Barley,Rabi,444.4,3926.0,13089.2,3.33
Meghalaya,Cotton,Kharif,725.6,4000.6,11021.5,2.75
Haryana,Potato,Rabi,774.7,4951.7,120511.9,24.34
Maharashtra,Potato,Rabi,458.3,2377.1,59116.5,24.87
Haryana,Groundnut,Kharif,668.7,4929.0,10881.3,2.21
Manipur,Soybean,Kharif,911.4,1778.4,3205.3,1.8
Haryana,Maize,Kharif,655.6,1728.7,7584.6,4.39
Sikkim,Maize,Kharif,946.1,2678.1,10836.6,4.05
Himachal Pradesh,Barley,Rabi,579.5,139.0,429.6,3.09
Tamil Nadu,Cotton,Kharif,632.9,2449.3,7393.7,3.02
Madhya Pradesh,Rice,Kharif,1146.6,476.0,2719.3,5.71
Gujarat,Groundnut,Kharif,772.7,4277.9,10111.9,2.36
Maharashtra,Mustard,Rabi,420.2,2771.5,4497.8,1.62
Rajasthan,Wheat,Rabi,592.4,335.3,1866.3,5.57
Punjab,Wheat,Rabi,693.3,1032.1,5753.7,5.57
Karnataka,Wheat,Rabi,784.4,1252.2,6390.2,5.1
Mizoram,Rice,Kharif,1478.9,2515.8,13543.2,5.38
Manipur,Rice,Kharif,1756.9,740.9,3282.4,4.43
Sikkim,Soybean,Kharif,885.6,2521.1,5437.0,2.16
Andhra Pradesh,Sugarcane,Kharif,1105.5,2308.3,217115.8,94.06
Rajasthan,Cotton,Kharif,885.3,4163.7,10471.9,2.52
Sikkim,Maize,Kharif,763.9,4405.3,20263.3,4.6
West Bengal,Barley,Rabi,542.2,4533.2,15143.9,3.34
Telangana,Cotton,Kharif,526.6,3666.7,9025.8,2.46
Andhra Pradesh,Mustard,Rabi,370.6,4280.2,7719.6,1.8
Manipur,Sugarcane,Kharif,991.9,3243.3,296359.6,91.38
Madhya Pradesh,Rice,Kharif,1615.3,878.3,4255.3,4.84
Gujarat,Rice,Kharif,1537.1,3325.2,15937.5,4.79
Mizoram,Wheat,Rabi,724.8,3715.3,18270.8,4.92
Andhra Pradesh,Groundnut,Kharif,894.5,3699.1,7174.0,1.94
Tripura,Potato,Rabi,686.1,2173.9,62512.1,28.76
Maharashtra,Potato,Rabi,643.6,4644.2,148540.9,31.98
Goa,Groundnut,Kharif,605.5,4763.5,11766.1,2.47
Tamil Nadu,Cotton,Kharif,722.5,1721.7,5022.8,2.92
Rajasthan,Groundnut,Kharif,552.1,544.8,1144.7,2.1
Jharkhand,Wheat,Rabi,521.8,1870.6,9552.9,5.11
Arunachal Pradesh,Rice,Kharif,970.6,1803.1,8752.3,4.85
Gujarat,Sugarcane,Kharif,1010.2,2906.6,279000.5,95.99
Tripura,Soybean,Kharif,967.6,4579.7,7370.3,1.61
Assam,Maize,Kharif,724.0,2692.9,13329.9,4.95
Madhya Pradesh,Barley,Rabi,470.8,3585.0,10733.5,2.99
Rajasthan,Rice,Kharif,1689.3,1152.6,5548.0,4.81
Karnataka,Maize,Kharif,753.5,3557.7,17146.2,4.82
Manipur,Wheat,Rabi,784.2,995.2,5057.6,5.08
Madhya Pradesh,Potato,Rabi,423.9,4402.8,104837.4,23.81
Goa,Cotton,Kharif,783.9,2376.4,7842.2,3.3
Haryana,Potato,Rabi,444.8,3895.3,101122.1,25.96
Uttarakhand,Mustard,Rabi,345.8,1063.3,1663.0,1.56
Gujarat,Barley,Rabi,551.5,2231.4,7014.0,3.14
Bihar,Maize,Kharif,886.9,770.9,3490.5,4.53
West Bengal,Potato,Rabi,574.3,1767.4,47894.5,27.1
Rajasthan,Soybean,Kharif,657.7,3034.9,5808.6,1.91
Assam,Potato,Rabi,591.8,2220.3,72281.4,32.56
Sikkim,Mustard,Rabi,435.4,213.1,360.3,1.69
Goa,Rice,Kharif,1713.1,3662.0,18506.2,5.05
Mizoram,Mustard,Rabi,381.0,2469.5,4126.1,1.67
Uttarakhand,Barley,Rabi,411.3,156.3,541.0,3.46
Bihar,Wheat,Rabi,709.0,3922.4,22154.9,5.65
Haryana,Soybean,Kharif,980.6,4586.5,7837.7,1.71
Madhya Pradesh,Sugarcane,Kharif,813.0,2823.4,230993.1,81.81
Telangana,Soybean,Kharif,605.3,3739.8,6323.1,1.69
Uttarakhand,Rice,Kharif,1215.4,3653.2,22101.6,6.05
Haryana,Cotton,Kharif,611.3,4276.4,11885.3,2.78
Goa,Sugarcane,Kharif,1768.2,2971.4,219943.9,74.02
Uttarakhand,Wheat,Rabi,539.3,961.3,5015.7,5.22
Arunachal Pradesh,Soybean,Kharif,649.3,786.0,1521.8,1.94
Madhya Pradesh,Rice,Kharif,1504.3,4549.6,27130.6,5.96
Mizoram,Mustard,Rabi,592.2,4095.5,6124.9,1.5
Himachal Pradesh,Rice,Kharif,1362.2,2802.9,15786.2,5.63
Tamil Nadu,Maize,Kharif,898.1,3742.1,13764.8,3.68
West Bengal,Mustard,Rabi,308.6,2210.7,3363.1,1.52
Meghalaya,Groundnut,Kharif,722.3,2016.1,4711.5,2.34
Maharashtra,Wheat,Rabi,798.9,137.6,639.2,4.65
Karnataka,Cotton,Kharif,813.1,2395.7,7486.3,3.12
Gujarat,Potato,Rabi,769.1,2744.1,67628.2,24.65
Maharashtra,Barley,Rabi,422.0,3981.9,13721.6,3.45
Punjab,Wheat,Rabi,478.6,2619.5,11563.1,4.41
Chhattisgarh,Groundnut,Kharif,883.0,2935.0,6788.9,2.31
Jharkhand,Barley,Rabi,306.3,3929.1,9911.5,2.52
Maharashtra,Mustard,Rabi,536.9,3899.8,7181.4,1.84
Tamil Nadu,Barley,Rabi,406.3,4712.3,16802.7,3.57
Gujarat,Wheat,Rabi,501.9,379.3,1833.2,4.83
West Bengal,Mustard,Rabi,306.3,4662.7,6705.3,1.44
Sikkim,Barley,Rabi,428.5,190.9,658.0,3.45
Madhya Pradesh,Cotton,Kharif,960.4,1133.7,2569.1,2.27
Himachal Pradesh,Wheat,Rabi,733.1,3328.0,15857.5,4.76
Odisha,Barley,Rabi,534.6,339.7,1029.7,3.03
Manipur,Rice,Kharif,1668.3,736.5,4068.5,5.52
Haryana,Maize,Kharif,893.5,2384.3,10442.6,4.38
Telangana,Sugarcane,Kharif,815.1,3611.9,324910.5,89.96
Tamil Nadu,Rice,Kharif,1792.0,4829.2,19791.7,4.1
Madhya Pradesh,Rice,Kharif,1631.9,1669.3,9029.0,5.41
Punjab,Sugarcane,Kharif,784.3,1304.0,123024.3,94.35
Gujarat,Cotton,Kharif,716.9,4227.9,12629.7,2.99
Uttar Pradesh,Sugarcane,Kharif,1035.5,829.5,68349.7,82.39
Mizoram,Groundnut,Kharif,646.7,3782.5,9280.0,2.45
Haryana,Wheat,Rabi,465.7,3319.5,13309.5,4.01
Tripura,Cotton,Kharif,869.3,3572.2,10346.9,2.9
Odisha,Barley,Rabi,561.3,2771.7,7481.9,2.7
Punjab,Sugarcane,Kharif,1384.0,4125.5,418052.7,101.33
Telangana,Mustard,Rabi,420.7,3612.0,6566.5,1.82
Tamil Nadu,Rice,Kharif,1145.0,976.9,4936.2,5.05
Karnataka,Maize,Kharif,768.4,1342.7,5441.3,4.05
Chhattisgarh,Potato,Rabi,794.8,570.9,13379.1,23.43
Uttarakhand,Maize,Kharif,636.4,3404.0,16459.1,4.84
West Bengal,Groundnut,Kharif,834.0,3364.7,7855.3,2.33
Haryana,Barley,Rabi,422.4,276.0,1012.3,3.67
Gujarat,Cotton,Kharif,746.2,1858.5,5724.3,3.08
Odisha,Sugarcane,Kharif,1629.0,4261.4,383865.6,90.08
Manipur,Cotton,Kharif,515.4,4133.7,11131.9,2.69
Tamil Nadu,Mustard,Rabi,339.4,4456.5,7174.6,1.61
Haryana,Groundnut,Kharif,677.1,3370.9,7401.4,2.2
Uttarakhand,Cotton,Kharif,950.6,4698.5,13161.2,2.8
Punjab,Maize,Kharif,934.3,1964.2,7035.7,3.58
Uttarakhand,Rice,Kharif,1237.1,2543.9,13393.3,5.26
Himachal Pradesh,Soybean,Kharif,659.9,3863.6,7243.2,1.87
Rajasthan,Sugarcane,Kharif,1768.2,726.2,61369.8,84.5
Madhya Pradesh,Cotton,Kharif,773.5,775.1,2346.3,3.03
Manipur,Wheat,Rabi,668.0,1635.3,7890.2,4.82
Odisha,Groundnut,Kharif,563.8,567.3,1205.6,2.13
Goa,Groundnut,Kharif,866.1,4096.5,9115.3,2.23
Telangana,Soybean,Kharif,856.0,2635.0,4982.9,1.89
Gujarat,Wheat,Rabi,663.8,2970.9,17455.4,5.88
Andhra Pradesh,Maize,Kharif,705.2,4383.9,20178.6,4.6
Kerala,Mustard,Rabi,368.3,1773.6,3176.3,1.79
Haryana,Soybean,Kharif,890.7,3635.2,7168.8,1.97
Meghalaya,Wheat,Rabi,498.1,2283.9,9701.9,4.25
Chhattisgarh,Groundnut,Kharif,622.1,3786.5,8281.4,2.19
Madhya Pradesh,Groundnut,Kharif,813.3,2254.3,5644.6,2.5
Punjab,Cotton,Kharif,688.9,2882.0,9066.7,3.15
West Bengal,Soybean,Kharif,927.2,3686.5,7642.2,2.07
Uttarakhand,Soybean,Kharif,918.6,4942.9,10828.7,2.19
Uttarakhand,Sugarcane,Kharif,772.3,905.0,79395.4,87.73
Gujarat,Sugarcane,Kharif,1104.8,2916.1,281274.7,96.46
Maharashtra,Barley,Rabi,429.3,4855.7,15146.9,3.12
Uttar Pradesh,Cotton,Kharif,555.8,1043.3,2568.9,2.46
Himachal Pradesh,Maize,Kharif,775.2,1485.0,7325.0,4.93
Nagaland,Cotton,Kharif,527.0,3106.6,7540.5,2.43
Sikkim,Groundnut,Kharif,539.7,1903.5,4383.1,2.3
West Bengal,Barley,Rabi,328.1,1885.7,5602.8,2.97
Tripura,Groundnut,Kharif,639.8,3999.3,8864.7,2.22
Bihar,Groundnut,Kharif,776.0,4973.3,11194.9,2.25
Himachal Pradesh,Groundnut,Kharif,810.9,4096.5,10631.8,2.6
Nagaland,Maize,Kharif,667.3,4785.4,18656.8,3.9
Gujarat,Rice,Kharif,1645.5,3450.7,15679.8,4.54
Sikkim,Potato,Rabi,522.6,1577.9,47991.7,30.42
Tripura,Sugarcane,Kharif,1303.4,3325.9,328347.6,98.72
Punjab,Wheat,Rabi,481.4,3182.7,15442.1,4.85
Sikkim,Maize,Kharif,842.5,830.3,3668.3,4.42
Odisha,Wheat,Rabi,701.8,2430.3,14040.5,5.78
Goa,Rice,Kharif,1396.8,4873.9,23696.8,4.86
Sikkim,Cotton,Kharif,520.1,2599.9,6344.5,2.44
Telangana,Potato,Rabi,423.7,824.1,23002.3,27.91
Odisha,Barley,Rabi,490.8,2156.5,6876.8,3.19
Tripura,Wheat,Rabi,626.4,2448.3,14163.1,5.78
Tamil Nadu,Wheat,Rabi,577.2,4679.6,26629.8,5.69
Telangana,Rice,Kharif,950.1,3505.1,18032.2,5.14
Uttar Pradesh,Soybean,Kharif,735.6,3711.9,7330.7,1.97
Manipur,Soybean,Kharif,692.3,1637.5,2938.1,1.79
Tripura,Sugarcane,Kharif,1105.4,4998.5,469814.0,93.99
Karnataka,Groundnut,Kharif,583.2,2765.7,6405.7,2.32
Madhya Pradesh,Mustard,Rabi,440.5,4286.7,8287.0,1.93
Maharashtra,Barley,Rabi,539.2,2237.4,7761.2,3.47
Haryana,Potato,Rabi,423.7,3265.3,84149.7,25.77
Madhya Pradesh,Barley,Rabi,338.4,3188.2,8520.3,2.67
Punjab,Rice,Kharif,994.7,4215.3,18688.3,4.43
Telangana,Rice,Kharif,1539.2,4736.4,25086.2,5.3
Himachal Pradesh,Maize,Kharif,994.5,3279.2,13437.1,4.1
Kerala,Cotton,Kharif,609.0,2718.4,8529.4,3.14
Rajasthan,Potato,Rabi,704.8,4787.6,134037.9,28.0
West Bengal,Soybean,Kharif,841.3,1830.5,3913.0,2.14
Jharkhand,Wheat,Rabi,453.3,2988.3,14362.4,4.81
Odisha,Mustard,Rabi,315.2,4221.9,6776.0,1.6
Punjab,Cotton,Kharif,796.2,3849.0,10229.8,2.66
Andhra Pradesh,Sugarcane,Kharif,1614.1,4817.7,455300.0,94.51
Mizoram,Potato,Rabi,434.1,2031.2,52863.9,26.03
Rajasthan,Potato,Rabi,437.8,1751.0,49096.7,28.04
West Bengal,Wheat,Rabi,507.3,1880.3,9189.2,4.89
Tripura,Rice,Kharif,1307.5,2184.7,12795.1,5.86
Gujarat,Barley,Rabi,592.9,1712.2,4456.0,2.6
Rajasthan,Sugarcane,Kharif,1686.2,237.3,18123.8,76.38
Bihar,Sugarcane,Kharif,1576.4,1712.6,162588.5,94.94
Uttar Pradesh,Cotton,Kharif,902.9,763.4,2143.6,2.81
Rajasthan,Sugarcane,Kharif,1325.2,2635.6,220441.1,83.64
Karnataka,Soybean,Kharif,853.8,850.1,1916.8,2.25
Tripura,Soybean,Kharif,745.7,3543.4,7431.8,2.1
Madhya Pradesh,Potato,Rabi,699.8,2364.1,64711.9,27.37
Nagaland,Sugarcane,Kharif,1036.3,824.8,82562.0,100.1
Madhya Pradesh,Cotton,Kharif,823.5,4457.2,13082.9,2.94
Nagaland,Mustard,Rabi,334.8,1926.1,2746.5,1.43
Bihar,Groundnut,Kharif,843.9,2083.7,4155.3,1.99
Punjab,Barley,Rabi,423.2,4542.0,16279.4,3.58
West Bengal,Cotton,Kharif,687.6,2036.9,6311.3,3.1
West Bengal,Barley,Rabi,522.8,4240.0,15953.0,3.76
Kerala,Maize,Kharif,614.4,2643.1,10003.4,3.78
Maharashtra,Rice,Kharif,1781.8,1055.7,4423.6,4.19
Sikkim,Maize,Kharif,947.2,3682.5,13579.1,3.69
Tamil Nadu,Rice,Kharif,1348.7,2370.6,13755.2,5.8
Goa,Soybean,Kharif,942.2,4421.6,7280.4,1.65
Tripura,Potato,Rabi,602.5,3440.2,103403.6,30.06
Telangana,Maize,Kharif,558.4,780.3,2898.3,3.71
Uttarakhand,Groundnut,Kharif,799.8,834.9,2081.8,2.49
Maharashtra,Soybean,Kharif,711.2,2977.9,6567.4,2.21
Madhya Pradesh,Barley,Rabi,496.9,350.7,1324.5,3.78
Uttarakhand,Wheat,Rabi,543.8,1837.8,9027.6,4.91
Karnataka,Sugarcane,Kharif,873.3,3715.8,311635.7,83.87
Kerala,Mustard,Rabi,317.6,3525.8,4515.0,1.28
Tamil Nadu,Sugarcane,Kharif,1064.4,2540.9,237695.3,93.55
Telangana,Rice,Kharif,908.1,2977.9,13479.0,4.53
Karnataka,Maize,Kharif,874.9,2374.3,10247.4,4.32
Rajasthan,Cotton,Kharif,956.5,1177.9,2817.8,2.39
Manipur,Cotton,Kharif,812.0,3690.2,10886.0,2.95
Himachal Pradesh,Mustard,Rabi,345.8,592.1,908.9,1.54
Uttarakhand,Barley,Rabi,397.0,3761.8,12216.3,3.25
Bihar,Potato,Rabi,607.1,2607.1,79425.5,30.46
Jharkhand,Barley,Rabi,319.8,245.6,705.9,2.87
Haryana,Maize,Kharif,611.9,4245.2,19182.8,4.52
Sikkim,Maize,Kharif,888.4,3819.9,17482.8,4.58
Manipur,Maize,Kharif,980.6,4722.6,16421.9,3.48
Punjab,Wheat,Rabi,634.9,4988.7,26286.8,5.27
Assam,Wheat,Rabi,788.2,4957.2,22161.3,4.47
Kerala,Rice,Kharif,1586.5,4292.2,19924.2,4.64
Madhya Pradesh,Sugarcane,Kharif,1114.2,1488.4,155532.8,104.5
Maharashtra,Maize,Kharif,554.2,1849.2,7588.2,4.1
Telangana,Maize,Kharif,853.2,2626.0,11540.5,4.39
Maharashtra,Groundnut,Kharif,659.1,3742.2,9788.4,2.62
Andhra Pradesh,Potato,Rabi,738.8,3539.5,90212.2,25.49
Uttar Pradesh,Maize,Kharif,692.8,3528.5,15541.8,4.4
Uttarakhand,Sugarcane,Kharif,1592.2,3595.1,285576.7,79.44
Chhattisgarh,Groundnut,Kharif,506.6,2567.4,4784.1,1.86
Gujarat,Cotton,Kharif,811.5,3656.1,10602.7,2.9
Bihar,Soybean,Kharif,710.9,1711.4,3926.0,2.29
Punjab,Rice,Kharif,1795.5,4509.3,16420.6,3.64
Assam,Sugarcane,Kharif,1449.9,608.7,56095.5,92.16
Himachal Pradesh,Soybean,Kharif,809.1,721.1,1709.8,2.37
Himachal Pradesh,Soybean,Kharif,836.2,309.5,723.3,2.34
Mizoram,Rice,Kharif,1435.3,3770.6,21560.2,5.72
Bihar,Mustard,Rabi,435.4,241.4,466.5,1.93
Uttarakhand,Potato,Rabi,578.3,3891.0,123108.4,31.64
Kerala,Maize,Kharif,575.8,2404.0,9187.1,3.82
Nagaland,Barley,Rabi,324.1,1350.8,3714.3,2.75
Jharkhand,Mustard,Rabi,493.6,3678.8,5833.2,1.59
Sikkim,Soybean,Kharif,685.3,2493.8,4584.9,1.84
Chhattisgarh,Groundnut,Kharif,858.8,889.5,1977.4,2.22
West Bengal,Barley,Rabi,331.8,1465.0,4698.7,3.21
Punjab,Maize,Kharif,587.3,1396.1,5599.4,4.01
Jharkhand,Rice,Kharif,1367.4,3568.5,18448.7,5.17
Tripura,Sugarcane,Kharif,1295.6,4744.2,493193.2,103.96
Manipur,Mustard,Rabi,582.5,4422.5,7154.9,1.62
Madhya Pradesh,Barley,Rabi,302.8,252.1,769.3,3.05
Haryana,Mustard,Rabi,317.2,2312.1,3131.9,1.35
Andhra Pradesh,Sugarcane,Kharif,1489.4,263.6,22774.0,86.4
Arunachal Pradesh,Soybean,Kharif,892.1,2918.8,5869.9,2.01
Bihar,Mustard,Rabi,307.0,1031.2,1266.7,1.23
Goa,Maize,Kharif,944.2,614.5,2711.1,4.41
Meghalaya,Wheat,Rabi,554.1,4199.9,19258.4,4.59
Telangana,Wheat,Rabi,538.8,1412.6,6825.0,4.83
Sikkim,Potato,Rabi,425.7,1919.3,56717.2,29.55
West Bengal,Wheat,Rabi,652.2,2437.1,12208.5,5.01
Kerala,Maize,Kharif,745.5,2250.3,11076.1,4.92
Manipur,Cotton,Kharif,908.0,2210.8,5619.5,2.54
Sikkim,Rice,Kharif,1799.9,1837.0,8389.2,4.57
Madhya Pradesh,Groundnut,Kharif,698.0,2339.9,6434.7,2.75
Kerala,Groundnut,Kharif,773.0,3723.5,7842.2,2.11
Gujarat,Wheat,Rabi,460.0,2116.0,9510.9,4.49
Telangana,Wheat,Rabi,526.6,265.7,1458.0,5.49
Arunachal Pradesh,Maize,Kharif,839.6,2112.0,8374.1,3.97
West Bengal,Soybean,Kharif,774.4,2947.0,7131.7,2.42
Tamil Nadu,Wheat,Rabi,789.8,4490.4,18396.0,4.1
West Bengal,Soybean,Kharif,807.7,4419.5,8707.2,1.97
Chhattisgarh,Mustard,Rabi,342.3,1037.6,1693.8,1.63
Goa,Sugarcane,Kharif,724.2,2557.3,188505.0,73.71
Tamil Nadu,Groundnut,Kharif,781.7,4417.7,10958.8,2.48
Haryana,Mustard,Rabi,513.9,1933.1,3125.9,1.62
West Bengal,Cotton,Kharif,826.1,787.3,2510.8,3.19
Madhya Pradesh,Groundnut,Kharif,538.9,393.5,841.8,2.14
Kerala,Sugarcane,Kharif,1125.4,1994.1,201574.8,101.08
Jharkhand,Wheat,Rabi,472.7,3658.3,15126.3,4.13
Madhya Pradesh,Groundnut,Kharif,529.6,955.1,2266.3,2.37
Mizoram,Potato,Rabi,657.6,1302.9,36004.7,27.63
Uttarakhand,Sugarcane,Kharif,1707.9,1050.5,84371.4,80.32
West Bengal,Maize,Kharif,602.3,4642.0,19812.1,4.27
Goa,Mustard,Rabi,441.9,3734.6,6112.8,1.64
Chhattisgarh,Rice,Kharif,922.9,2600.9,12003.6,4.62
Tamil Nadu,Sugarcane,Kharif,1779.7,4867.5,434986.9,89.36
Chhattisgarh,Soybean,Kharif,603.1,4905.0,9128.9,1.86
Punjab,Rice,Kharif,1506.3,676.8,3157.8,4.67
Uttarakhand,Soybean,Kharif,937.3,1022.6,2133.2,2.09
Karnataka,Rice,Kharif,1069.9,679.2,3334.0,4.91
Gujarat,Wheat,Rabi,688.9,2025.4,9728.7,4.8
Jharkhand,Rice,Kharif,989.3,2581.3,13590.1,5.26
Odisha,Potato,Rabi,585.4,3554.9,103954.3,29.24
Maharashtra,Cotton,Kharif,617.7,435.7,1144.9,2.63
Mizoram,Wheat,Rabi,520.1,3373.5,15871.2,4.7
Odisha,Cotton,Kharif,885.6,4637.6,12316.5,2.66
Punjab,Soybean,Kharif,714.8,1980.2,3998.1,2.02
Haryana,Maize,Kharif,773.4,3742.6,16950.6,4.53
Jharkhand,Soybean,Kharif,618.1,3423.6,5550.1,1.62
Nagaland,Wheat,Rabi,701.8,837.0,4866.5,5.81
Gujarat,Potato,Rabi,519.1,4713.6,143338.7,30.41
Himachal Pradesh,Maize,Kharif,761.3,1414.8,6630.9,4.69
Madhya Pradesh,Soybean,Kharif,821.3,151.3,355.3,2.35
Tamil Nadu,Rice,Kharif,1343.7,2791.8,16890.3,6.05
Bihar,Sugarcane,Kharif,1275.1,4796.7,476622.9,99.36
West Bengal,Wheat,Rabi,686.1,3017.3,14262.1,4.73
Andhra Pradesh,Groundnut,Kharif,551.9,4753.8,9852.8,2.07
Andhra Pradesh,Cotton,Kharif,951.0,2335.8,5765.2,2.47
Uttarakhand,Sugarcane,Kharif,1274.5,4161.9,355253.6,85.36
Uttar Pradesh,Rice,Kharif,1713.0,4604.6,25455.8,5.53
Sikkim,Wheat,Rabi,456.9,2852.2,13830.8,4.85
Maharashtra,Potato,Rabi,732.5,2863.1,76438.7,26.7
Jharkhand,Maize,Kharif,979.3,435.2,1672.4,3.84
Manipur,Soybean,Kharif,771.6,4770.6,11202.6,2.35
Gujarat,Maize,Kharif,711.0,2585.9,12483.6,4.83
West Bengal,Sugarcane,Kharif,1658.8,3167.6,267745.3,84.53
Nagaland,Barley,Rabi,597.6,2523.9,7500.2,2.97
Arunachal Pradesh,Wheat,Rabi,699.8,4751.7,26545.3,5.59
West Bengal,Groundnut,Kharif,692.8,186.4,471.0,2.53
Uttar Pradesh,Groundnut,Kharif,839.3,3344.4,8285.4,2.48
Manipur,Sugarcane,Kharif,1748.6,1666.4,140570.8,84.36
Jharkhand,Soybean,Kharif,772.7,1628.5,3941.0,2.42
Andhra Pradesh,Barley,Rabi,495.0,2666.4,9928.7,3.72
Gujarat,Cotton,Kharif,522.0,1133.0,2726.1,2.41
Odisha,Sugarcane,Kharif,1544.5,2303.9,205564.9,89.22
Chhattisgarh,Sugarcane,Kharif,1158.2,1503.1,132778.6,88.34
Bihar,Soybean,Kharif,664.7,2165.5,3656.3,1.69
Kerala,Groundnut,Kharif,849.6,3735.2,8748.7,2.34
Meghalaya,Wheat,Rabi,509.2,3208.0,15782.1,4.92
Uttarakhand,Potato,Rabi,504.7,2059.6,61821.4,30.02
Andhra Pradesh,Groundnut,Kharif,612.3,4818.2,12102.8,2.51
Madhya Pradesh,Barley,Rabi,478.6,2772.2,10264.4,3.7
Uttarakhand,Barley,Rabi,401.3,4822.7,15967.0,3.31
Punjab,Maize,Kharif,513.1,4732.0,16327.8,3.45
Uttar Pradesh,Sugarcane,Kharif,1300.6,4311.7,363959.7,84.41
Meghalaya,Cotton,Kharif,951.1,4858.0,12861.6,2.65
Chhattisgarh,Rice,Kharif,1474.8,3258.2,18386.8,5.64
Meghalaya,Mustard,Rabi,535.9,3285.8,5014.0,1.53
Arunachal Pradesh,Mustard,Rabi,475.0,4235.9,8112.7,1.92
Maharashtra,Barley,Rabi,569.1,532.0,1517.8,2.85
Tamil Nadu,Groundnut,Kharif,732.7,1431.6,3856.4,2.69
Tripura,Sugarcane,Kharif,943.4,808.3,65287.3,80.77
Mizoram,Maize,Kharif,853.8,1504.5,6609.5,4.39
Goa,Mustard,Rabi,468.4,123.3,244.2,1.98
Nagaland,Rice,Kharif,946.4,1667.3,8286.6,4.97
Bihar,Groundnut,Kharif,815.3,3090.5,6671.7,2.16
Telangana,Rice,Kharif,1436.0,1922.1,11041.3,5.74
Gujarat,Potato,Rabi,659.8,2358.0,66803.8,28.33
Assam,Rice,Kharif,1688.6,944.4,4547.2,4.81
Maharashtra,Cotton,Kharif,711.3,4530.1,13005.6,2.87
Punjab,Sugarcane,Kharif,1449.5,711.8,73923.8,103.86
Maharashtra,Potato,Rabi,713.9,1455.2,44090.8,30.3
Bihar,Potato,Rabi,583.7,776.1,25610.3,33.0
West Bengal,Potato,Rabi,545.5,936.1,30419.3,32.5
Tamil Nadu,Barley,Rabi,451.1,1191.7,4202.9,3.53
Punjab,Mustard,Rabi,568.0,1849.3,2799.0,1.51
Goa,Groundnut,Kharif,769.2,2911.0,6508.6,2.24
Himachal Pradesh,Sugarcane,Kharif,1652.7,3656.3,276477.2,75.62
Haryana,Potato,Rabi,672.8,3572.6,109569.0,30.67
Rajasthan,Maize,Kharif,700.4,580.7,2529.7,4.36
Arunachal Pradesh,Cotton,Kharif,722.9,4826.8,14810.0,3.07
Uttar Pradesh,Barley,Rabi,337.1,4983.3,16091.7,3.23
Assam,Wheat,Rabi,504.4,4038.5,20516.2,5.08
Nagaland,Barley,Rabi,468.2,2890.9,10874.2,3.76
Arunachal Pradesh,Mustard,Rabi,403.0,4996.3,8898.2,1.78
Karnataka,Potato,Rabi,532.7,4370.4,138321.2,31.65
Nagaland,Mustard,Rabi,513.1,2228.1,3619.4,1.62
Arunachal Pradesh,Groundnut,Kharif,502.5,3110.8,6193.6,1.99
Mizoram,Cotton,Kharif,832.8,1871.6,5864.2,3.13
Punjab,Mustard,Rabi,485.3,3830.2,7110.5,1.86
Rajasthan,Mustard,Rabi,588.0,572.8,778.7,1.36
Himachal Pradesh,Groundnut,Kharif,612.8,4638.1,10538.7,2.27
Haryana,Maize,Kharif,500.2,754.3,2426.9,3.22
Nagaland,Groundnut,Kharif,802.1,152.6,363.5,2.38
Bihar,Mustard,Rabi,579.5,3751.2,5511.5,1.47
Manipur,Wheat,Rabi,573.0,819.6,4028.4,4.92
Chhattisgarh,Barley,Rabi,378.4,4851.9,15345.0,3.16
Chhattisgarh,Wheat,Rabi,792.3,2328.7,11319.3,4.86
Punjab,Cotton,Kharif,596.5,1206.7,3315.7,2.75
Telangana,Mustard,Rabi,447.0,2624.9,4939.7,1.88
Tamil Nadu,Mustard,Rabi,514.7,1333.1,2254.9,1.69
Odisha,Sugarcane,Kharif,778.0,2420.2,190867.3,78.86
Himachal Pradesh,Sugarcane,Kharif,1498.9,4991.4,492701.9,98.71
Andhra Pradesh,Cotton,Kharif,844.7,359.6,1074.2,2.99
Rajasthan,Wheat,Rabi,781.4,4600.9,20057.1,4.36
Chhattisgarh,Potato,Rabi,489.3,2339.4,57693.2,24.66
Goa,Mustard,Rabi,387.4,1039.3,1742.8,1.68
Uttar Pradesh,Sugarcane,Kharif,1417.8,590.8,56124.7,94.99
Assam,Sugarcane,Kharif,1096.2,1595.6,143455.7,89.91
Telangana,Sugarcane,Kharif,1664.7,2905.8,246029.3,84.67
Karnataka,Cotton,Kharif,916.8,2463.6,6648.3,2.7
Assam,Potato,Rabi,497.0,3454.9,97084.9,28.1
Telangana,Maize,Kharif,931.5,470.4,2058.7,4.38
Tamil Nadu,Potato,Rabi,552.3,3183.1,96532.1,30.33
Haryana,Rice,Kharif,1012.4,3028.6,13916.9,4.6
Goa,Mustard,Rabi,428.5,2732.5,5271.3,1.93
Meghalaya,Cotton,Kharif,976.8,4623.9,12490.5,2.7
Meghalaya,Soybean,Kharif,801.2,2110.0,4424.5,2.1
Haryana,Cotton,Kharif,531.8,3620.2,8025.9,2.22
Manipur,Barley,Rabi,493.9,1350.5,4777.3,3.54
Nagaland,Mustard,Rabi,440.0,2191.5,3808.6,1.74
Maharashtra,Groundnut,Kharif,831.7,3091.6,7093.2,2.29
West Bengal,Wheat,Rabi,610.1,2340.8,14161.6,6.05
Gujarat,Groundnut,Kharif,763.7,3462.3,8682.2,2.51
West Bengal,Soybean,Kharif,764.3,945.3,2251.0,2.38
Maharashtra,Mustard,Rabi,499.8,2392.2,4171.4,1.74
Himachal Pradesh,Soybean,Kharif,830.1,3011.8,6182.1,2.05
Himachal Pradesh,Groundnut,Kharif,565.3,501.9,1009.4,2.01
West Bengal,Sugarcane,Kharif,1623.6,2969.6,233256.7,78.55
Tripura,Rice,Kharif,1090.8,3279.1,16667.0,5.08
Rajasthan,Sugarcane,Kharif,1486.2,1700.9,173212.7,101.83
Sikkim,Groundnut,Kharif,540.1,1890.2,4343.8,2.3
Telangana,Groundnut,Kharif,870.8,2640.7,4496.3,1.7
Jharkhand,Maize,Kharif,546.5,1449.2,5824.1,4.02
Maharashtra,Maize,Kharif,776.4,4477.4,20139.2,4.5
Gujarat,Rice,Kharif,1359.8,396.0,2170.1,5.48
Odisha,Groundnut,Kharif,823.3,1778.5,4314.4,2.43
Meghalaya,Barley,Rabi,524.1,1267.1,4148.6,3.27
Rajasthan,Cotton,Kharif,677.1,4927.0,15448.8,3.14
Telangana,Mustard,Rabi,508.8,1321.7,2250.4,1.7
Telangana,Maize,Kharif,562.9,3200.0,13491.4,4.22
Andhra Pradesh,Mustard,Rabi,581.5,2390.3,3412.6,1.43
Punjab,Wheat,Rabi,563.7,1428.4,8583.3,6.01
Punjab,Sugarcane,Kharif,955.5,1525.4,123984.0,81.28
Uttarakhand,Groundnut,Kharif,855.4,4309.3,10719.6,2.49
Meghalaya,Wheat,Rabi,602.6,1849.4,11189.2,6.05
Madhya Pradesh,Wheat,Rabi,654.1,2937.0,14183.7,4.83
Manipur,Mustard,Rabi,476.3,3041.1,4813.4,1.58
West Bengal,Groundnut,Kharif,861.2,663.3,1578.1,2.38
Karnataka,Cotton,Kharif,920.4,2311.7,6217.8,2.69
Tripura,Soybean,Kharif,671.8,3598.7,6715.4,1.87
Assam,Wheat,Rabi,705.8,3058.6,14729.7,4.82
Manipur,Rice,Kharif,1181.0,4023.7,20053.1,4.98
Maharashtra,Barley,Rabi,568.0,710.0,1988.9,2.8
Rajasthan,Sugarcane,Kharif,1048.1,3562.1,297275.0,83.45
Odisha,Mustard,Rabi,396.3,552.1,1054.3,1.91
Himachal Pradesh,Maize,Kharif,542.8,4370.1,17674.2,4.04
Bihar,Cotton,Kharif,669.5,2940.2,8144.6,2.77
Tamil Nadu,Wheat,Rabi,472.1,1270.0,6159.1,4.85
Nagaland,Potato,Rabi,723.3,3452.3,103000.2,29.84
Maharashtra,Soybean,Kharif,667.1,4132.5,7353.3,1.78
Assam,Cotton,Kharif,689.3,1233.9,3817.8,3.09
Rajasthan,Wheat,Rabi,632.7,727.3,4400.3,6.05
Andhra Pradesh,Rice,Kharif,1595.6,2130.1,12307.1,5.78
Madhya Pradesh,Soybean,Kharif,677.6,1438.7,3003.6,2.09
Chhattisgarh,Cotton,Kharif,681.2,4304.0,11952.8,2.78
Haryana,Sugarcane,Kharif,1539.6,4460.8,437876.5,98.16
Kerala,Potato,Rabi,739.9,1763.9,44856.0,25.43
Himachal Pradesh,Cotton,Kharif,974.1,4057.0,10175.1,2.51
Mizoram,Maize,Kharif,923.4,131.3,457.2,3.48
Tripura,Maize,Kharif,989.3,1143.4,4291.3,3.75
Uttarakhand,Soybean,Kharif,806.0,3225.1,7646.9,2.37
Odisha,Mustard,Rabi,369.1,4508.0,7134.6,1.58
Haryana,Soybean,Kharif,839.6,1705.5,3357.6,1.97
Tamil Nadu,Wheat,Rabi,564.3,830.5,4391.5,5.29
Haryana,Potato,Rabi,487.5,3948.7,101742.2,25.77
Telangana,Soybean,Kharif,889.7,4483.9,8701.2,1.94
Maharashtra,Cotton,Kharif,600.9,3576.0,10493.3,2.93
Maharashtra,Rice,Kharif,1664.4,1593.7,7554.3,4.74
Gujarat,Sugarcane,Kharif,1514.3,4974.3,482080.0,96.91
Mizoram,Cotton,Kharif,828.5,3578.0,11282.3,3.15
Meghalaya,Wheat,Rabi,561.3,4754.7,23336.6,4.91
Meghalaya,Sugarcane,Kharif,1484.5,3339.0,312880.2,93.7
Sikkim,Maize,Kharif,647.8,268.2,1187.1,4.43
Haryana,Cotton,Kharif,893.1,1282.0,3465.7,2.7
Tamil Nadu,Soybean,Kharif,633.7,1123.6,2189.4,1.95
Meghalaya,Groundnut,Kharif,647.8,307.5,770.0,2.5
Assam,Potato,Rabi,638.9,1045.2,34017.8,32.55
Nagaland,Soybean,Kharif,621.4,743.0,1299.1,1.75
Tripura,Cotton,Kharif,826.0,4671.5,13053.7,2.79
Chhattisgarh,Mustard,Rabi,449.8,1721.8,3397.5,1.97
Assam,Groundnut,Kharif,531.2,3509.6,7407.9,2.11
Manipur,Potato,Rabi,785.2,3507.0,87169.1,24.86
Uttarakhand,Rice,Kharif,1156.2,1620.5,8952.8,5.52
Himachal Pradesh,Potato,Rabi,533.4,4889.4,142876.1,29.22
Chhattisgarh,Groundnut,Kharif,739.4,4996.2,13739.5,2.75
Andhra Pradesh,Soybean,Kharif,862.8,1161.0,2704.8,2.33
Jharkhand,Rice,Kharif,1703.6,1293.4,6282.7,4.86
Assam,Sugarcane,Kharif,1770.6,3592.1,327889.1,91.28
Meghalaya,Mustard,Rabi,565.5,3253.3,4624.8,1.42
Madhya Pradesh,Rice,Kharif,1373.0,1120.9,6132.8,5.47
Jharkhand,Groundnut,Kharif,803.6,4890.6,10527.4,2.15
Jharkhand,Wheat,Rabi,656.2,2238.3,12487.9,5.58
Chhattisgarh,Groundnut,Kharif,855.3,4309.9,9192.2,2.13
Assam,Barley,Rabi,459.5,2697.5,8744.0,3.24
West Bengal,Sugarcane,Kharif,1109.1,2714.8,276776.7,101.95
Nagaland,Potato,Rabi,718.8,2488.8,76547.9,30.76
Assam,Groundnut,Kharif,847.1,3936.7,7991.8,2.03
Odisha,Maize,Kharif,596.1,1895.3,7462.8,3.94
Nagaland,Groundnut,Kharif,733.0,695.8,1755.0,2.52
Haryana,Sugarcane,Kharif,1709.4,3300.0,249073.9,75.48
Mizoram,Soybean,Kharif,929.6,1993.9,3707.5,1.86
Rajasthan,Rice,Kharif,1644.5,1497.5,7847.6,5.24
Uttar Pradesh,Potato,Rabi,775.1,3067.3,85547.3,27.89
Gujarat,Mustard,Rabi,459.2,3522.6,5601.1,1.59
Tripura,Cotton,Kharif,816.1,4322.0,11756.1,2.72
Kerala,Sugarcane,Kharif,1119.3,4609.2,449835.0,97.59
Tamil Nadu,Mustard,Rabi,334.0,1834.9,3029.3,1.65
Jharkhand,Sugarcane,Kharif,1060.9,4987.0,455753.9,91.39
Jharkhand,Cotton,Kharif,636.8,1745.9,4835.7,2.77
Telangana,Maize,Kharif,513.6,1211.6,4201.4,3.47
Uttarakhand,Barley,Rabi,376.8,4189.5,13808.0,3.3
West Bengal,Sugarcane,Kharif,1595.3,867.7,76830.1,88.55
Uttarakhand,Mustard,Rabi,391.0,216.2,358.6,1.66
Rajasthan,Barley,Rabi,544.6,4953.2,17090.6,3.45
West Bengal,Groundnut,Kharif,866.7,1721.8,4087.7,2.37
Manipur,Groundnut,Kharif,653.7,3787.9,8705.8,2.3
Andhra Pradesh,Soybean,Kharif,843.2,1972.9,4251.3,2.15
Goa,Maize,Kharif,595.5,1707.7,6821.2,3.99
Uttarakhand,Groundnut,Kharif,793.6,2409.2,5781.9,2.4
Arunachal Pradesh,Rice,Kharif,1206.5,1103.2,6519.4,5.91
Telangana,Potato,Rabi,769.3,3648.4,82071.6,22.5
Tamil Nadu,Wheat,Rabi,584.8,1486.3,7329.3,4.93
Punjab,Sugarcane,Kharif,997.8,4656.8,441116.3,94.72
Jharkhand,Barley,Rabi,438.1,4918.7,17926.1,3.64
Uttarakhand,Sugarcane,Kharif,1056.1,756.2,77888.6,102.99
Gujarat,Potato,Rabi,774.3,3971.1,101871.5,25.65
Rajasthan,Potato,Rabi,572.8,2950.3,87688.0,29.72
Bihar,Soybean,Kharif,723.3,1546.1,3363.6,2.18
Punjab,Potato,Rabi,649.1,4609.6,129263.5,28.04
Kerala,Rice,Kharif,1181.3,425.0,2268.4,5.34
Telangana,Cotton,Kharif,884.6,3823.8,11021.2,2.88
Uttar Pradesh,Rice,Kharif,1757.4,654.2,3223.6,4.93
Himachal Pradesh,Potato,Rabi,566.8,3645.4,98501.7,27.02
Madhya Pradesh,Cotton,Kharif,750.7,4746.0,14872.3,3.13
Tamil Nadu,Groundnut,Kharif,628.6,4061.2,9446.7,2.33
Kerala,Potato,Rabi,707.5,4282.3,126852.2,29.62
Nagaland,Barley,Rabi,328.1,1732.6,5212.4,3.01
Assam,Barley,Rabi,471.3,3129.7,10465.1,3.34
Tamil Nadu,Maize,Kharif,633.9,3385.5,13387.9,3.95
Bihar,Mustard,Rabi,503.0,4617.3,7254.3,1.57
Telangana,Wheat,Rabi,789.1,3411.5,15528.7,4.55
Himachal Pradesh,Potato,Rabi,712.6,3319.7,93594.9,28.19
Haryana,Wheat,Rabi,612.1,4526.9,26951.5,5.95
Haryana,Sugarcane,Kharif,743.2,3361.0,287223.5,85.46
Mizoram,Maize,Kharif,642.8,1641.2,7481.7,4.56
Tamil Nadu,Wheat,Rabi,607.9,592.6,2857.4,4.82
Kerala,Sugarcane,Kharif,1719.8,4168.1,375523.4,90.09
Telangana,Barley,Rabi,588.3,1519.5,4271.7,2.81
Jharkhand,Barley,Rabi,446.5,2481.3,7709.8,3.11
Meghalaya,Wheat,Rabi,676.0,976.9,4789.1,4.9
Madhya Pradesh,Potato,Rabi,749.6,4304.8,119797.8,27.83
West Bengal,Barley,Rabi,592.5,831.9,2507.0,3.01
Telangana,Groundnut,Kharif,894.2,2530.6,5569.4,2.2
Uttarakhand,Sugarcane,Kharif,1090.4,3179.1,308154.0,96.93
Chhattisgarh,Mustard,Rabi,318.8,210.8,326.8,1.55
Tamil Nadu,Potato,Rabi,726.3,3341.9,80145.5,23.98
Kerala,Wheat,Rabi,536.8,1012.5,5127.9,5.06
Kerala,Cotton,Kharif,676.6,831.0,2670.6,3.21
Telangana,Potato,Rabi,518.0,2262.9,73720.0,32.58
Kerala,Barley,Rabi,476.6,3073.8,9581.9,3.12
Assam,Groundnut,Kharif,773.7,2352.7,5067.6,2.15
Sikkim,Barley,Rabi,437.9,2069.8,7968.7,3.85
Sikkim,Mustard,Rabi,347.2,444.6,737.4,1.66
Karnataka,Sugarcane,Kharif,1516.3,4016.3,334781.9,83.36
Meghalaya,Groundnut,Kharif,661.8,4832.1,12091.2,2.5
Bihar,Mustard,Rabi,348.5,1058.8,1755.3,1.66
Telangana,Sugarcane,Kharif,860.8,3263.3,309302.5,94.78
Chhattisgarh,Soybean,Kharif,800.3,689.6,1615.0,2.34
Madhya Pradesh,Cotton,Kharif,989.2,2412.0,5986.2,2.48
Nagaland,Potato,Rabi,641.6,4661.8,143971.3,30.88
Tamil Nadu,Maize,Kharif,974.6,4094.7,16940.5,4.14
Chhattisgarh,Maize,Kharif,922.3,4859.3,19883.9,4.09
Jharkhand,Cotton,Kharif,546.6,1819.7,4309.6,2.37
Sikkim,Barley,Rabi,424.6,2656.6,10074.3,3.79
Meghalaya,Barley,Rabi,362.5,4074.5,13520.3,3.32
Maharashtra,Wheat,Rabi,537.1,1159.3,5567.0,4.8
Haryana,Barley,Rabi,590.0,4411.7,14265.2,3.23
Andhra Pradesh,Soybean,Kharif,849.5,3010.5,6288.3,2.09
Jharkhand,Groundnut,Kharif,738.5,1408.0,3059.4,2.17
Uttarakhand,Potato,Rabi,498.0,3369.7,87637.6,26.01
Karnataka,Sugarcane,Kharif,1275.3,1649.3,163624.8,99.21
Andhra Pradesh,Wheat,Rabi,641.0,3350.3,17065.0,5.09
Madhya Pradesh,Barley,Rabi,488.0,1712.6,6327.3,3.69
Arunachal Pradesh,Sugarcane,Kharif,1696.9,4512.5,417243.6,92.46
Madhya Pradesh,Soybean,Kharif,816.7,1627.7,3735.6,2.3
Sikkim,Groundnut,Kharif,693.1,2698.4,6592.2,2.44
Karnataka,Potato,Rabi,600.9,2574.6,84963.2,33.0
Bihar,Soybean,Kharif,734.0,1376.1,2919.2,2.12
Maharashtra,Soybean,Kharif,947.0,3842.0,7466.4,1.94
Manipur,Maize,Kharif,822.0,2076.2,10016.4,4.82
Mizoram,Rice,Kharif,1403.9,3738.9,19212.5,5.14
Haryana,Wheat,Rabi,506.7,526.2,2539.1,4.83
Punjab,Potato,Rabi,700.8,1253.7,35359.0,28.2
Telangana,Rice,Kharif,1386.8,346.4,1835.5,5.3
Kerala,Cotton,Kharif,992.0,2685.8,6144.9,2.29
West Bengal,Groundnut,Kharif,548.8,2090.2,4687.1,2.24
Nagaland,Sugarcane,Kharif,1457.8,2560.1,214917.7,83.95
Kerala,Maize,Kharif,609.4,3632.6,15945.2,4.39
Bihar,Soybean,Kharif,973.6,3461.5,6226.4,1.8
Uttarakhand,Sugarcane,Kharif,1277.7,4548.5,462855.1,101.76
Mizoram,Wheat,Rabi,617.3,2309.3,13697.4,5.93
Bihar,Cotton,Kharif,645.6,3730.7,11546.3,3.09
Assam,Potato,Rabi,406.2,1324.7,30068.0,22.7
Manipur,Potato,Rabi,521.0,4967.7,162130.7,32.64
Mizoram,Potato,Rabi,614.5,3536.7,115039.7,32.53
Manipur,Rice,Kharif,1265.0,2962.9,15945.3,5.38
Nagaland,Sugarcane,Kharif,1026.5,4775.5,487119.3,102.0
Bihar,Barley,Rabi,366.2,3093.7,9922.8,3.21
Manipur,Maize,Kharif,984.7,1965.8,7815.9,3.98
Telangana,Groundnut,Kharif,686.4,2289.5,6087.3,2.66
Punjab,Barley,Rabi,503.3,2423.7,7620.0,3.14
Mizoram,Maize,Kharif,935.9,440.3,1779.7,4.04
Rajasthan,Mustard,Rabi,304.1,4668.2,6755.5,1.45
Chhattisgarh,Maize,Kharif,969.9,3832.0,13978.4,3.65
Andhra Pradesh,Cotton,Kharif,684.2,172.7,546.8,3.17
Telangana,Maize,Kharif,700.4,4598.4,21678.0,4.71
Mizoram,Rice,Kharif,1119.7,618.8,3479.3,5.62
Uttarakhand,Groundnut,Kharif,559.0,4684.3,10641.3,2.27
Tripura,Mustard,Rabi,430.1,3577.7,5879.9,1.64
Karnataka,Sugarcane,Kharif,1510.4,3479.4,294036.5,84.51
Madhya Pradesh,Cotton,Kharif,611.7,3513.7,10749.8,3.06
Kerala,Cotton,Kharif,506.1,1578.3,3514.0,2.23
Sikkim,Mustard,Rabi,583.4,3355.5,5095.9,1.52
Assam,Wheat,Rabi,739.0,224.6,1201.0,5.35
Tamil Nadu,Sugarcane,Kharif,1755.6,4966.0,418392.2,84.25
Sikkim,Maize,Kharif,758.7,4969.6,21978.3,4.42
Maharashtra,Rice,Kharif,1652.3,449.9,2534.4,5.63
Uttar Pradesh,Rice,Kharif,1493.8,2045.6,10118.7,4.95
Sikkim,Groundnut,Kharif,841.9,4735.0,9654.4,2.04
Andhra Pradesh,Soybean,Kharif,988.5,853.1,1704.9,2.0
Telangana,Maize,Kharif,846.1,4557.4,18494.2,4.06
Maharashtra,Soybean,Kharif,748.6,1368.7,2651.0,1.94
Chhattisgarh,Barley,Rabi,541.7,3869.7,11466.2,2.96
Maharashtra,Soybean,Kharif,732.3,3053.5,6632.2,2.17
Nagaland,Rice,Kharif,1370.3,1911.8,10709.2,5.6
Chhattisgarh,Groundnut,Kharif,654.2,1939.3,4728.6,2.44
Jharkhand,Groundnut,Kharif,824.7,4518.1,9587.4,2.12
Karnataka,Maize,Kharif,973.5,4145.2,13470.4,3.25
Maharashtra,Rice,Kharif,1331.5,1592.6,9036.6,5.67
West Bengal,Mustard,Rabi,577.8,729.8,1182.4,1.62
Chhattisgarh,Sugarcane,Kharif,1628.5,172.5,13936.7,80.78
Tripura,Wheat,Rabi,627.9,3564.1,17877.1,5.02
Jharkhand,Rice,Kharif,1778.4,1764.0,7845.3,4.45
Telangana,Sugarcane,Kharif,1644.0,4361.7,422683.4,96.91
Haryana,Soybean,Kharif,989.8,1387.3,2369.4,1.71
Mizoram,Potato,Rabi,790.1,1459.2,38715.2,26.53
Karnataka,Barley,Rabi,488.2,4437.6,13458.9,3.03
Rajasthan,Cotton,Kharif,887.8,4006.2,11641.6,2.91
Gujarat,Mustard,Rabi,577.4,455.3,627.9,1.38
Haryana,Rice,Kharif,1683.0,1053.0,5222.9,4.96
Chhattisgarh,Maize,Kharif,887.6,3061.2,13964.7,4.56
Tamil Nadu,Wheat,Rabi,673.3,2960.8,16663.7,5.63
Jharkhand,Sugarcane,Kharif,1430.0,893.0,82680.3,92.59
Uttarakhand,Sugarcane,Kharif,1704.0,131.6,9703.2,73.73
Rajasthan,Sugarcane,Kharif,1165.2,1480.7,150701.1,101.77
Gujarat,Soybean,Kharif,693.7,4247.9,8793.5,2.07
Madhya Pradesh,Wheat,Rabi,727.7,3718.3,17764.7,4.78
Chhattisgarh,Soybean,Kharif,706.5,4233.2,8363.1,1.98
Nagaland,Cotton,Kharif,582.2,3938.0,8733.8,2.22
West Bengal,Wheat,Rabi,499.4,2028.2,10480.2,5.17
Kerala,Barley,Rabi,510.9,3462.8,13074.0,3.78
Rajasthan,Rice,Kharif,1630.2,2974.9,15417.5,5.18
Manipur,Sugarcane,Kharif,850.0,1690.9,146849.7,86.85
Maharashtra,Cotton,Kharif,607.8,2915.5,8880.5,3.05
Chhattisgarh,Cotton,Kharif,933.8,4439.6,11665.3,2.63
Punjab,Barley,Rabi,512.5,4546.0,15126.2,3.33
Karnataka,Mustard,Rabi,431.6,4323.9,8561.3,1.98
Haryana,Mustard,Rabi,592.1,894.7,1390.3,1.55
Himachal Pradesh,Cotton,Kharif,781.9,3353.5,8995.2,2.68
Madhya Pradesh,Rice,Kharif,1676.8,3528.0,17531.3,4.97
Tamil Nadu,Barley,Rabi,351.8,2100.6,5870.3,2.79
Maharashtra,Mustard,Rabi,511.8,3444.7,6231.5,1.81
Assam,Cotton,Kharif,935.8,3778.9,9456.0,2.5
Jharkhand,Mustard,Rabi,503.5,736.0,1201.6,1.63
Chhattisgarh,Barley,Rabi,494.3,563.0,1925.9,3.42
Tamil Nadu,Groundnut,Kharif,853.1,1287.2,3155.5,2.45
Bihar,Groundnut,Kharif,829.2,3909.1,8900.9,2.28
Himachal Pradesh,Groundnut,Kharif,845.8,2374.9,5559.4,2.34
Meghalaya,Potato,Rabi,753.6,2923.2,73348.3,25.09
Tripura,Mustard,Rabi,454.5,811.3,1367.3,1.69
West Bengal,Wheat,Rabi,670.1,2574.3,14615.8,5.68
Karnataka,Maize,Kharif,986.4,3205.6,11463.3,3.58
Madhya Pradesh,Sugarcane,Kharif,1417.1,2788.7,230793.1,82.76
Uttar Pradesh,Potato,Rabi,483.0,3070.7,81392.0,26.51
Odisha,Sugarcane,Kharif,1554.2,1868.9,176300.2,94.33
Meghalaya,Maize,Kharif,506.4,1747.5,5902.4,3.38
Madhya Pradesh,Maize,Kharif,637.8,2130.3,8657.1,4.06
Assam,Groundnut,Kharif,629.3,326.8,757.3,2.32
Madhya Pradesh,Cotton,Kharif,562.4,4115.0,11694.6,2.84
Maharashtra,Groundnut,Kharif,895.7,1237.5,2619.1,2.12
Nagaland,Barley,Rabi,449.9,1783.3,6865.7,3.85
Maharashtra,Sugarcane,Kharif,1341.5,2031.6,193672.8,95.33
Himachal Pradesh,Groundnut,Kharif,862.3,1229.1,2584.0,2.1
Meghalaya,Potato,Rabi,664.9,209.4,6300.8,30.09
Goa,Mustard,Rabi,537.7,1792.9,2917.0,1.63
West Bengal,Sugarcane,Kharif,1692.5,1683.9,152206.6,90.39
Goa,Sugarcane,Kharif,933.1,830.1,70176.3,84.54
Meghalaya,Sugarcane,Kharif,1147.2,1722.4,145942.1,84.73
Arunachal Pradesh,Cotton,Kharif,645.1,1751.5,5094.7,2.91
Goa,Cotton,Kharif,886.8,4216.6,12273.6,2.91
Karnataka,Barley,Rabi,385.1,2368.2,8346.9,3.52
Andhra Pradesh,Mustard,Rabi,493.9,509.9,999.6,1.96
Sikkim,Maize,Kharif,775.9,4238.4,18222.5,4.3
Arunachal Pradesh,Maize,Kharif,760.1,4181.0,17669.7,4.23
Bihar,Maize,Kharif,818.8,2216.0,9407.2,4.25
Gujarat,Mustard,Rabi,373.9,2855.6,5351.6,1.87
Arunachal Pradesh,Groundnut,Kharif,873.5,4514.3,9047.5,2.0
Telangana,Rice,Kharif,1559.5,3973.7,21994.7,5.54
Mizoram,Sugarcane,Kharif,1368.2,3914.9,332152.3,84.84
Manipur,Barley,Rabi,334.4,4350.0,14757.5,3.39
Meghalaya,Maize,Kharif,958.8,3591.6,14160.8,3.94
Bihar,Potato,Rabi,590.2,2532.2,68336.0,26.99
Maharashtra,Wheat,Rabi,578.6,1240.1,6999.7,5.64
Madhya Pradesh,Wheat,Rabi,705.1,258.3,1239.1,4.8
Uttarakhand,Maize,Kharif,817.8,3758.6,17607.5,4.68
Gujarat,Groundnut,Kharif,854.6,958.8,2034.7,2.12
Rajasthan,Potato,Rabi,691.5,221.7,6326.4,28.54
Himachal Pradesh,Mustard,Rabi,494.6,1659.8,3271.1,1.97
Uttar Pradesh,Potato,Rabi,629.4,4970.7,145941.9,29.36
West Bengal,Sugarcane,Kharif,1315.3,4772.5,473473.7,99.21
Kerala,Wheat,Rabi,722.8,4764.2,24794.1,5.2
Madhya Pradesh,Rice,Kharif,1523.9,737.8,3666.8,4.97
Mizoram,Rice,Kharif,1001.4,2387.8,11616.2,4.86
Bihar,Barley,Rabi,539.9,1643.9,5007.2,3.05
Punjab,Barley,Rabi,480.1,1073.4,3754.4,3.5
Uttarakhand,Groundnut,Kharif,549.3,2927.2,6857.2,2.34
West Bengal,Potato,Rabi,483.2,3123.6,89831.3,28.76
Jharkhand,Sugarcane,Kharif,1663.5,3673.1,330996.6,90.11
Andhra Pradesh,Wheat,Rabi,626.6,4943.1,27629.4,5.59
Karnataka,Wheat,Rabi,621.1,4107.6,24775.5,6.03
Uttar Pradesh,Groundnut,Kharif,770.1,1841.6,4609.5,2.5
Rajasthan,Soybean,Kharif,703.0,1677.1,3347.0,2.0
Uttarakhand,Rice,Kharif,1573.2,2179.7,10332.0,4.74
Telangana,Maize,Kharif,589.1,1314.9,4993.4,3.8
Madhya Pradesh,Wheat,Rabi,456.7,362.1,1619.7,4.47
Odisha,Groundnut,Kharif,673.7,4989.5,13335.9,2.67
Tripura,Barley,Rabi,585.1,2325.2,7435.0,3.2
Odisha,Wheat,Rabi,677.0,376.9,2088.2,5.54
Jharkhand,Soybean,Kharif,821.6,4487.8,9902.8,2.21
Meghalaya,Mustard,Rabi,592.9,340.3,515.2,1.51
Uttar Pradesh,Soybean,Kharif,795.9,1633.3,3880.8,2.38
Tamil Nadu,Groundnut,Kharif,780.1,1840.6,4780.0,2.6
Manipur,Wheat,Rabi,455.5,568.1,2599.6,4.58
Tripura,Soybean,Kharif,938.7,4160.4,7902.7,1.9
Assam,Potato,Rabi,765.0,3683.5,105109.6,28.54
Goa,Sugarcane,Kharif,815.9,2535.9,198692.8,78.35
Chhattisgarh,Soybean,Kharif,756.5,3117.6,6297.8,2.02
Chhattisgarh,Wheat,Rabi,616.6,4432.2,24112.6,5.44
Meghalaya,Mustard,Rabi,303.0,3782.7,6167.6,1.63
Bihar,Potato,Rabi,543.5,2723.4,81925.8,30.08
West Bengal,Wheat,Rabi,526.1,4579.9,24360.1,5.32
Andhra Pradesh,Rice,Kharif,973.3,3338.1,15905.1,4.76
Tripura,Rice,Kharif,1062.1,1245.1,6075.4,4.88
Punjab,Barley,Rabi,353.3,2188.4,7661.5,3.5
Gujarat,Potato,Rabi,706.8,3800.4,106512.3,28.03
Madhya Pradesh,Soybean,Kharif,621.6,3896.1,7698.1,1.98
Bihar,Mustard,Rabi,445.1,3651.8,6610.0,1.81
Nagaland,Barley,Rabi,553.7,1502.0,4094.2,2.73
Kerala,Sugarcane,Kharif,1194.7,2769.4,266682.2,96.3
Haryana,Sugarcane,Kharif,892.8,3259.0,306601.1,94.08
Kerala,Cotton,Kharif,853.8,4208.9,9984.6,2.37
Madhya Pradesh,Maize,Kharif,736.2,1723.9,8302.2,4.82
Kerala,Soybean,Kharif,691.9,233.5,457.6,1.96
Manipur,Sugarcane,Kharif,1135.3,606.1,57341.3,94.61
Punjab,Rice,Kharif,943.5,3780.2,16790.5,4.44
Tripura,Soybean,Kharif,747.2,409.9,792.2,1.93
Rajasthan,Groundnut,Kharif,882.1,2678.4,5404.9,2.02
Chhattisgarh,Groundnut,Kharif,701.6,4909.3,11914.3,2.43
Kerala,Soybean,Kharif,746.3,1160.7,2602.3,2.24
Sikkim,Sugarcane,Kharif,731.0,1339.3,107165.7,80.02
Tripura,Groundnut,Kharif,711.4,1219.3,3032.7,2.49
Mizoram,Cotton,Kharif,779.1,2152.5,6857.4,3.19
Andhra Pradesh,Cotton,Kharif,632.8,4528.4,13973.8,3.09
Punjab,Sugarcane,Kharif,734.8,3032.1,270937.4,89.36
West Bengal,Wheat,Rabi,567.9,4157.9,23861.9,5.74
Uttar Pradesh,Cotton,Kharif,502.9,1919.9,5066.1,2.64
Jharkhand,Sugarcane,Kharif,1368.7,575.5,54263.5,94.29
Telangana,Cotton,Kharif,506.5,1621.0,4056.6,2.5
Odisha,Groundnut,Kharif,764.4,1304.9,3403.3,2.61
Himachal Pradesh,Soybean,Kharif,723.4,2494.0,4855.8,1.95
Goa,Sugarcane,Kharif,1611.2,1548.5,131587.6,84.98
Telangana,Sugarcane,Kharif,1639.9,2694.4,227986.4,84.62
Chhattisgarh,Cotton,Kharif,936.0,4511.7,12800.1,2.84
Kerala,Maize,Kharif,820.7,4530.6,19160.2,4.23
Gujarat,Soybean,Kharif,967.2,2191.5,3687.0,1.68
Telangana,Rice,Kharif,1064.1,578.7,2943.8,5.09
Uttarakhand,Sugarcane,Kharif,1450.3,4815.7,492300.2,102.23
Bihar,Rice,Kharif,1379.2,813.0,4559.2,5.61
Haryana,Barley,Rabi,510.1,984.5,3651.9,3.71
Assam,Sugarcane,Kharif,765.1,3701.5,346577.5,93.63
Jharkhand,Wheat,Rabi,784.4,4229.3,17489.1,4.14
Bihar,Sugarcane,Kharif,1207.5,1132.9,101884.6,89.94
Kerala,Barley,Rabi,372.6,4658.5,15426.9,3.31
Tamil Nadu,Sugarcane,Kharif,967.8,2602.1,230212.5,88.47
Nagaland,Rice,Kharif,1658.0,4238.6,21104.7,4.98
Gujarat,Groundnut,Kharif,877.9,979.6,2146.5,2.19
Gujarat,Barley,Rabi,364.0,1875.5,5590.5,2.98
Karnataka,Soybean,Kharif,684.0,4252.5,8557.8,2.01
Sikkim,Wheat,Rabi,720.0,3482.4,17065.1,4.9
Bihar,Rice,Kharif,1738.6,2850.7,13949.6,4.89
Madhya Pradesh,Maize,Kharif,804.9,2953.4,14619.5,4.95
Andhra Pradesh,Potato,Rabi,765.4,1271.6,34493.5,27.13
Gujarat,Groundnut,Kharif,822.7,2327.5,5765.5,2.48
Punjab,Rice,Kharif,1725.3,4852.8,24166.0,4.98
Meghalaya,Potato,Rabi,656.9,1081.7,33923.4,31.36
Rajasthan,Maize,Kharif,720.4,2877.1,13961.1,4.85
Andhra Pradesh,Sugarcane,Kharif,1712.7,2021.1,189709.2,93.86
Telangana,Groundnut,Kharif,781.0,1805.4,4350.5,2.41
Assam,Soybean,Kharif,672.5,2250.8,4317.2,1.92
Manipur,Soybean,Kharif,781.8,4810.3,11572.6,2.41
Chhattisgarh,Groundnut,Kharif,701.4,255.0,564.8,2.22
Punjab,Barley,Rabi,507.0,2651.7,7883.5,2.97
Telangana,Barley,Rabi,425.7,4032.3,14431.6,3.58
Gujarat,Maize,Kharif,548.4,4844.8,19545.3,4.03
Bihar,Potato,Rabi,738.9,2828.3,76417.9,27.02
Mizoram,Soybean,Kharif,980.6,449.1,745.9,1.66
Odisha,Groundnut,Kharif,889.7,3879.1,7310.7,1.88
Uttar Pradesh,Mustard,Rabi,410.6,3830.2,6762.4,1.77
Uttarakhand,Groundnut,Kharif,734.4,1492.0,3437.4,2.3
Punjab,Rice,Kharif,1041.5,720.8,3706.7,5.14
Rajasthan,Wheat,Rabi,772.1,3638.7,16641.7,4.57
Punjab,Maize,Kharif,652.0,2131.0,9955.9,4.67
Maharashtra,Maize,Kharif,810.8,196.8,974.2,4.95
Odisha,Potato,Rabi,441.7,4114.4,103375.0,25.13
Andhra Pradesh,Sugarcane,Kharif,1713.7,1328.1,123165.7,92.74
Sikkim,Barley,Rabi,378.4,4301.7,14028.4,3.26
Uttar Pradesh,Cotton,Kharif,617.5,1987.7,5674.3,2.85
Manipur,Groundnut,Kharif,626.3,2541.5,6692.5,2.63
Jharkhand,Sugarcane,Kharif,1723.3,4032.5,338635.4,83.98
Arunachal Pradesh,Maize,Kharif,987.2,4080.7,16489.7,4.04
Arunachal Pradesh,Mustard,Rabi,304.6,3912.6,6171.0,1.58
Himachal Pradesh,Barley,Rabi,369.8,4215.7,14423.6,3.42
Sikkim,Barley,Rabi,339.5,1593.9,4722.1,2.96
Assam,Wheat,Rabi,593.5,718.9,3514.8,4.89
Gujarat,Maize,Kharif,794.9,483.4,2343.2,4.85
Chhattisgarh,Wheat,Rabi,609.4,2904.8,16969.4,5.84
Gujarat,Potato,Rabi,679.2,717.9,19978.0,27.83
West Bengal,Sugarcane,Kharif,1274.1,2725.4,235404.2,86.37
Haryana,Soybean,Kharif,795.7,363.5,740.7,2.04
Uttarakhand,Potato,Rabi,656.4,3734.6,101155.2,27.09
Rajasthan,Barley,Rabi,411.2,2222.5,7428.1,3.34
Jharkhand,Wheat,Rabi,602.5,2007.7,10102.2,5.03
Himachal Pradesh,Barley,Rabi,364.7,2109.6,6531.7,3.1
Tripura,Barley,Rabi,483.4,376.4,1199.5,3.19
Odisha,Groundnut,Kharif,881.6,3774.5,7680.6,2.03
Meghalaya,Cotton,Kharif,889.7,4639.2,12029.0,2.59
Himachal Pradesh,Groundnut,Kharif,790.6,1339.3,3299.6,2.46
Mizoram,Barley,Rabi,405.3,2675.4,9671.9,3.62
Telangana,Mustard,Rabi,408.2,4482.9,7487.9,1.67
Manipur,Sugarcane,Kharif,1399.3,1455.2,150152.2,103.19
Mizoram,Potato,Rabi,683.6,516.7,15803.4,30.59
Punjab,Cotton,Kharif,910.6,3497.6,10287.3,2.94
Telangana,Sugarcane,Kharif,752.8,1984.9,174113.9,87.72
Meghalaya,Rice,Kharif,1586.4,174.6,950.9,5.45
Uttar Pradesh,Rice,Kharif,1395.1,4084.6,23368.1,5.72
Punjab,Mustard,Rabi,398.3,1882.0,3643.4,1.94
Madhya Pradesh,Barley,Rabi,394.8,2623.6,8480.7,3.23
Kerala,Mustard,Rabi,541.3,4293.9,7042.6,1.64
Rajasthan,Maize,Kharif,906.6,3794.4,15328.0,4.04
Jharkhand,Cotton,Kharif,506.8,3712.4,8389.8,2.26
Odisha,Maize,Kharif,855.4,4249.9,17252.1,4.06
Telangana,Maize,Kharif,664.6,1269.3,5406.6,4.26
Uttarakhand,Potato,Rabi,557.7,3267.5,94602.5,28.95
Himachal Pradesh,Sugarcane,Kharif,954.2,4064.9,397848.5,97.87
Gujarat,Wheat,Rabi,614.7,1056.9,6224.0,5.89
Uttar Pradesh,Rice,Kharif,973.3,4181.3,18520.1,4.43
Goa,Maize,Kharif,664.5,4564.6,19279.6,4.22
Madhya Pradesh,Soybean,Kharif,707.9,301.3,640.3,2.12
Haryana,Sugarcane,Kharif,1205.9,1378.1,134108.1,97.31
Sikkim,Barley,Rabi,575.4,4359.5,12004.9,2.75
Jharkhand,Rice,Kharif,1717.9,624.3,3102.0,4.97
Maharashtra,Soybean,Kharif,652.6,3919.0,8513.7,2.17
Uttarakhand,Rice,Kharif,1580.0,2383.3,12336.2,5.18
Karnataka,Groundnut,Kharif,693.6,1513.4,3594.4,2.38
Nagaland,Mustard,Rabi,504.3,4085.8,7574.1,1.85
Andhra Pradesh,Sugarcane,Kharif,739.2,3071.7,275385.7,89.65
West Bengal,Rice,Kharif,1017.8,1122.1,5774.3,5.15
Meghalaya,Maize,Kharif,747.3,844.0,3722.8,4.41
Meghalaya,Barley,Rabi,461.4,1575.7,5187.0,3.29
Maharashtra,Sugarcane,Kharif,1415.2,3976.8,376647.5,94.71
Rajasthan,Wheat,Rabi,761.4,4758.1,22753.1,4.78
Sikkim,Maize,Kharif,822.1,4704.2,20871.9,4.44
Himachal Pradesh,Mustard,Rabi,327.5,348.8,468.8,1.34
Nagaland,Soybean,Kharif,977.7,1865.3,3251.0,1.74
Kerala,Mustard,Rabi,508.4,1089.8,1910.7,1.75
Nagaland,Cotton,Kharif,713.9,1624.2,5022.5,3.09
Himachal Pradesh,Cotton,Kharif,555.1,1439.3,3924.0,2.73
Meghalaya,Wheat,Rabi,712.5,4275.3,20069.5,4.69
Maharashtra,Groundnut,Kharif,735.6,4696.1,10652.0,2.27
Tamil Nadu,Groundnut,Kharif,888.2,1752.9,3643.1,2.08
Goa,Sugarcane,Kharif,724.1,4831.2,423529.6,87.66
Maharashtra,Potato,Rabi,659.2,3054.9,92206.0,30.18
Mizoram,Maize,Kharif,656.1,2210.3,9068.1,4.1
Odisha,Barley,Rabi,318.4,3435.1,10071.9,2.93
Uttarakhand,Barley,Rabi,488.6,1414.6,5142.1,3.63
Gujarat,Maize,Kharif,958.5,3523.0,13900.3,3.95
Gujarat,Sugarcane,Kharif,1654.5,4766.5,465120.6,97.58
Uttar Pradesh,Wheat,Rabi,508.5,1345.5,6396.5,4.75
Tripura,Barley,Rabi,364.6,3715.7,13675.3,3.68
Uttar Pradesh,Mustard,Rabi,339.1,1848.6,2803.3,1.52
Haryana,Potato,Rabi,714.3,3884.4,98653.1,25.4
Arunachal Pradesh,Maize,Kharif,553.7,457.6,1755.4,3.84
Mizoram,Soybean,Kharif,886.4,3827.3,8165.1,2.13
Maharashtra,Potato,Rabi,567.1,2910.5,87496.3,30.06
Bihar,Barley,Rabi,598.2,3211.2,8877.8,2.76
Meghalaya,Groundnut,Kharif,682.4,3316.2,8956.5,2.7
Rajasthan,Maize,Kharif,996.7,2753.6,9984.0,3.63
Tripura,Soybean,Kharif,984.4,1476.3,3048.4,2.06
Meghalaya,Sugarcane,Kharif,1741.5,158.2,14219.5,89.88
Mizoram,Sugarcane,Kharif,1716.2,1519.3,144212.3,94.92
Madhya Pradesh,Mustard,Rabi,481.0,1937.1,3583.7,1.85
Chhattisgarh,Sugarcane,Kharif,928.5,1249.8,124072.0,99.27
Arunachal Pradesh,Cotton,Kharif,662.6,1444.3,4187.4,2.9
Telangana,Potato,Rabi,671.7,3919.9,104384.7,26.63
Goa,Wheat,Rabi,513.6,3815.1,18469.8,4.84
Andhra Pradesh,Potato,Rabi,443.9,2353.3,68254.1,29.0
Andhra Pradesh,Mustard,Rabi,595.2,1601.6,2002.2,1.25
Madhya Pradesh,Rice,Kharif,1344.1,2814.6,13619.7,4.84
Nagaland,Potato,Rabi,674.6,2046.4,60113.0,29.37
Mizoram,Potato,Rabi,583.9,2052.5,60316.7,29.39
Tripura,Mustard,Rabi,328.2,377.1,637.3,1.69
Haryana,Sugarcane,Kharif,1060.0,2056.4,199243.4,96.89
Uttarakhand,Groundnut,Kharif,625.6,2328.9,5177.1,2.22
Gujarat,Sugarcane,Kharif,729.3,2230.3,194568.0,87.24
Andhra Pradesh,Potato,Rabi,752.5,1814.9,44169.8,24.34
Odisha,Maize,Kharif,604.6,4923.1,19457.1,3.95
Assam,Maize,Kharif,841.5,1157.0,5345.9,4.62
Nagaland,Wheat,Rabi,758.5,3925.9,17513.0,4.46
Maharashtra,Groundnut,Kharif,725.6,2500.8,6072.1,2.43
Kerala,Sugarcane,Kharif,1007.3,861.1,82844.9,96.21
Rajasthan,Sugarcane,Kharif,980.3,4517.1,405923.0,89.86
Telangana,Mustard,Rabi,359.1,4986.3,7833.2,1.57
Gujarat,Potato,Rabi,750.8,4487.6,126271.7,28.14
Tamil Nadu,Potato,Rabi,772.0,4984.9,128365.8,25.75
Haryana,Wheat,Rabi,578.3,1317.7,6747.1,5.12
Sikkim,Groundnut,Kharif,782.4,411.6,1002.2,2.43
Sikkim,Cotton,Kharif,573.1,177.8,427.3,2.4
Nagaland,Soybean,Kharif,724.6,3968.9,8961.9,2.26
Bihar,Potato,Rabi,621.9,104.9,2903.1,27.69
Jharkhand,Mustard,Rabi,329.7,2154.4,3364.6,1.56
Chhattisgarh,Barley,Rabi,373.5,1712.7,5807.0,3.39
Assam,Groundnut,Kharif,866.6,4915.7,11511.1,2.34
West Bengal,Barley,Rabi,490.2,4597.4,17012.3,3.7
Nagaland,Rice,Kharif,1657.8,154.2,838.7,5.44
Arunachal Pradesh,Sugarcane,Kharif,1758.0,633.0,56338.0,89.01
Uttarakhand,Mustard,Rabi,449.7,4666.4,9189.3,1.97
Uttarakhand,Maize,Kharif,622.1,2414.1,10969.0,4.54
Bihar,Soybean,Kharif,769.2,3743.8,8134.3,2.17
Odisha,Wheat,Rabi,704.8,1691.5,8531.4,5.04
Gujarat,Mustard,Rabi,501.1,549.7,965.3,1.76
Punjab,Wheat,Rabi,608.1,2916.2,17336.9,5.95
Gujarat,Rice,Kharif,1352.9,2300.2,12285.8,5.34
Tamil Nadu,Groundnut,Kharif,873.9,4471.6,9338.0,2.09
Haryana,Sugarcane,Kharif,1357.4,182.2,15993.1,87.77
Telangana,Barley,Rabi,345.2,3142.7,10507.1,3.34
Andhra Pradesh,Groundnut,Kharif,598.6,1981.4,4840.6,2.44
Madhya Pradesh,Soybean,Kharif,929.4,2387.9,4420.5,1.85
Bihar,Potato,Rabi,464.9,574.0,13982.3,24.36
Odisha,Soybean,Kharif,815.9,2410.0,4850.7,2.01
Jharkhand,Barley,Rabi,474.1,951.4,3264.8,3.43
Jharkhand,Sugarcane,Kharif,1267.5,542.2,51744.1,95.44
Karnataka,Wheat,Rabi,509.1,2779.9,13021.5,4.68
Tamil Nadu,Mustard,Rabi,408.3,2900.4,5277.7,1.82
Madhya Pradesh,Mustard,Rabi,502.8,561.7,1045.1,1.86
Andhra Pradesh,Cotton,Kharif,743.0,4679.4,14806.8,3.16
Goa,Maize,Kharif,576.2,664.6,2904.8,4.37
Nagaland,Wheat,Rabi,698.0,710.3,4055.9,5.71
Jharkhand,Mustard,Rabi,388.7,1545.5,2879.3,1.86
Sikkim,Wheat,Rabi,671.7,3330.5,15897.2,4.77
Andhra Pradesh,Rice,Kharif,1772.3,4512.2,18852.0,4.18
Madhya Pradesh,Sugarcane,Kharif,1147.9,3947.4,365082.7,92.49
Karnataka,Sugarcane,Kharif,1083.0,761.2,66305.5,87.11
Nagaland,Groundnut,Kharif,746.0,665.7,1444.0,2.17
Manipur,Sugarcane,Kharif,1609.8,4349.3,359928.6,82.75
Rajasthan,Maize,Kharif,699.3,1651.8,7162.0,4.34
Arunachal Pradesh,Mustard,Rabi,422.4,3222.8,5266.6,1.63
Meghalaya,Wheat,Rabi,751.3,1155.0,5918.1,5.12
Rajasthan,Wheat,Rabi,518.9,4725.1,26035.3,5.51
Kerala,Mustard,Rabi,364.5,404.2,618.6,1.53
Odisha,Barley,Rabi,396.2,322.3,1241.0,3.85
Haryana,Wheat,Rabi,735.1,1035.8,5402.6,5.22
Arunachal Pradesh,Sugarcane,Kharif,1292.5,3613.5,371979.5,102.94
West Bengal,Cotton,Kharif,903.6,3576.9,9050.6,2.53
Tamil Nadu,Cotton,Kharif,920.0,4776.9,12422.8,2.6
Maharashtra,Maize,Kharif,529.3,4117.4,14745.8,3.58
Arunachal Pradesh,Maize,Kharif,501.8,4244.9,13621.5,3.21
Rajasthan,Potato,Rabi,702.2,2663.9,70490.7,26.46
Nagaland,Soybean,Kharif,712.5,1553.8,3215.1,2.07
Sikkim,Wheat,Rabi,710.6,1203.0,6319.7,5.25
Odisha,Barley,Rabi,467.2,140.6,509.7,3.62
Goa,Soybean,Kharif,838.9,1889.8,3739.8,1.98
Uttar Pradesh,Barley,Rabi,514.1,817.5,2792.4,3.42
Sikkim,Barley,Rabi,322.6,3959.8,12105.1,3.06
Rajasthan,Groundnut,Kharif,535.9,2745.2,6475.5,2.36
Goa,Sugarcane,Kharif,1263.5,4656.2,435389.3,93.51
Telangana,Wheat,Rabi,515.1,4015.0,19139.9,4.77
Karnataka,Cotton,Kharif,615.3,4368.8,11518.1,2.64
Madhya Pradesh,Wheat,Rabi,636.5,871.1,5119.9,5.88
Uttarakhand,Groundnut,Kharif,848.3,4650.8,10357.1,2.23
Goa,Rice,Kharif,1446.6,522.7,2996.1,5.73
Sikkim,Wheat,Rabi,594.2,2615.6,14836.1,5.67
Himachal Pradesh,Barley,Rabi,570.4,3551.7,9938.2,2.8
Chhattisgarh,Wheat,Rabi,509.1,4394.3,23357.8,5.32
Manipur,Groundnut,Kharif,597.7,3683.2,7763.3,2.11
Himachal Pradesh,Soybean,Kharif,945.9,4762.6,9767.2,2.05
Telangana,Mustard,Rabi,461.0,3873.1,7367.3,1.9
Uttar Pradesh,Wheat,Rabi,512.8,158.7,762.9,4.81
Meghalaya,Maize,Kharif,545.9,4214.1,15911.4,3.78
Manipur,Barley,Rabi,340.2,4857.8,13947.4,2.87
Gujarat,Groundnut,Kharif,790.4,2453.8,6048.7,2.47
Punjab,Wheat,Rabi,651.0,2076.4,10644.9,5.13
Sikkim,Potato,Rabi,712.4,3544.3,92879.4,26.21
Punjab,Sugarcane,Kharif,1231.4,2028.0,211926.7,104.5
Goa,Sugarcane,Kharif,1486.9,4500.0,443322.8,98.52
Maharashtra,Mustard,Rabi,488.0,1431.0,2734.7,1.91
Karnataka,Sugarcane,Kharif,1797.2,3580.4,299483.4,83.65
West Bengal,Cotton,Kharif,759.6,4904.6,14728.8,3.0
Uttarakhand,Rice,Kharif,1500.1,624.2,3168.7,5.08
Karnataka,Mustard,Rabi,575.4,4635.8,6439.5,1.39
Jharkhand,Mustard,Rabi,459.0,610.6,1044.5,1.71
Sikkim,Maize,Kharif,501.0,2928.7,9648.5,3.29
Telangana,Maize,Kharif,540.4,688.3,2757.0,4.01
Telangana,Sugarcane,Kharif,1578.0,4971.4,400337.6,80.53
Himachal Pradesh,Cotton,Kharif,961.0,347.9,815.8,2.34
Manipur,Potato,Rabi,455.5,2985.5,69830.3,23.39
Nagaland,Soybean,Kharif,799.4,2345.5,4920.3,2.1
Assam,Maize,Kharif,716.7,3342.3,16367.9,4.9
Tripura,Rice,Kharif,1353.6,975.9,5904.3,6.05
Chhattisgarh,Mustard,Rabi,572.6,4841.6,7092.4,1.46
Rajasthan,Barley,Rabi,570.8,4891.3,14626.9,2.99
Jharkhand,Potato,Rabi,584.8,3750.7,101786.3,27.14
Assam,Maize,Kharif,619.9,2604.3,10455.5,4.01
Nagaland,Soybean,Kharif,919.0,456.3,834.2,1.83
Manipur,Rice,Kharif,1026.9,4865.2,24770.7,5.09
Meghalaya,Groundnut,Kharif,592.4,2847.6,5870.8,2.06
Maharashtra,Cotton,Kharif,974.3,2897.5,6900.1,2.38
Haryana,Maize,Kharif,960.3,3234.5,12526.7,3.87
Maharashtra,Mustard,Rabi,383.6,4847.0,7269.8,1.5
Karnataka,Wheat,Rabi,756.5,4402.5,22477.3,5.11
Assam,Rice,Kharif,1174.3,3720.3,19224.4,5.17
Madhya Pradesh,Cotton,Kharif,548.0,427.2,1123.8,2.63
Haryana,Cotton,Kharif,944.8,2759.4,6737.2,2.44
Punjab,Soybean,Kharif,898.3,4293.8,9603.6,2.24
Telangana,Barley,Rabi,418.9,4849.4,17584.1,3.63
Karnataka,Maize,Kharif,706.2,2762.0,13672.0,4.95
Rajasthan,Wheat,Rabi,469.2,3953.0,18626.9,4.71
Tamil Nadu,Rice,Kharif,1222.6,1648.0,8370.4,5.08
Tamil Nadu,Soybean,Kharif,856.7,993.8,1948.8,1.96
Telangana,Cotton,Kharif,602.0,3314.7,8286.6,2.5
Tamil Nadu,Rice,Kharif,1064.9,1440.4,7543.1,5.24
Assam,Wheat,Rabi,664.2,4968.8,24218.4,4.87
Arunachal Pradesh,Mustard,Rabi,513.2,3857.2,5933.0,1.54
Uttar Pradesh,Maize,Kharif,543.1,2780.4,11603.3,4.17
West Bengal,Soybean,Kharif,966.6,1267.2,2550.2,2.01
Odisha,Mustard,Rabi,580.5,3969.6,5827.2,1.47
Gujarat,Cotton,Kharif,700.8,2317.1,6524.1,2.82
Maharashtra,Barley,Rabi,459.5,2634.9,9913.1,3.76
Bihar,Maize,Kharif,898.7,1775.4,6855.1,3.86
Meghalaya,Mustard,Rabi,573.4,3541.5,5521.4,1.56
Bihar,Groundnut,Kharif,883.4,452.7,862.8,1.91
Uttarakhand,Soybean,Kharif,916.3,4472.6,9992.5,2.23
Himachal Pradesh,Mustard,Rabi,458.1,2534.3,4132.8,1.63
Gujarat,Potato,Rabi,566.8,3024.6,86389.8,28.56
Haryana,Rice,Kharif,1327.8,1981.7,11389.0,5.75
Gujarat,Wheat,Rabi,735.7,3188.2,17529.0,5.5
Telangana,Sugarcane,Kharif,761.8,3519.3,319173.8,90.69
Haryana,Wheat,Rabi,535.9,4041.4,22847.2,5.65
West Bengal,Cotton,Kharif,521.0,4433.5,9802.6,2.21
Haryana,Wheat,Rabi,673.7,2670.6,16157.4,6.05
Andhra Pradesh,Wheat,Rabi,558.6,250.8,1241.9,4.95
Kerala,Maize,Kharif,964.3,1466.3,5250.5,3.58
Assam,Sugarcane,Kharif,1092.6,4118.2,415590.9,100.92
Mizoram,Soybean,Kharif,993.9,3600.4,5917.4,1.64
Mizoram,Maize,Kharif,908.5,429.2,1783.5,4.16
Goa,Potato,Rabi,677.3,1898.2,56768.2,29.91
Karnataka,Wheat,Rabi,579.2,2591.2,13842.5,5.34
Telangana,Soybean,Kharif,990.1,1956.2,3518.0,1.8
Nagaland,Cotton,Kharif,785.8,3308.5,10061.4,3.04
Meghalaya,Cotton,Kharif,996.6,4646.3,12266.3,2.64
Nagaland,Cotton,Kharif,616.0,1250.9,3806.9,3.04
Manipur,Groundnut,Kharif,501.8,4361.5,8771.3,2.01
Haryana,Soybean,Kharif,745.1,2909.3,6929.9,2.38
Arunachal Pradesh,Wheat,Rabi,793.9,4252.0,19310.4,4.54
Uttar Pradesh,Mustard,Rabi,497.9,1087.7,1997.5,1.84
Tamil Nadu,Potato,Rabi,794.9,2001.0,52856.5,26.41
Sikkim,Soybean,Kharif,867.2,1550.0,3751.1,2.42
Telangana,Sugarcane,Kharif,1204.7,4239.0,410602.6,96.86
Arunachal Pradesh,Soybean,Kharif,712.1,4316.2,9875.4,2.29
Madhya Pradesh,Barley,Rabi,303.8,1360.6,3625.1,2.66
Maharashtra,Soybean,Kharif,972.3,3517.2,7037.0,2.0
Assam,Soybean,Kharif,698.8,2774.5,5776.4,2.08
Mizoram,Sugarcane,Kharif,1238.0,4729.6,421359.6,89.09
Sikkim,Cotton,Kharif,882.4,2006.0,5491.6,2.74
Chhattisgarh,Maize,Kharif,633.1,266.8,992.1,3.72
Meghalaya,Groundnut,Kharif,794.3,1053.2,2346.3,2.23
Assam,Rice,Kharif,1084.2,2099.7,11795.0,5.62
Andhra Pradesh,Maize,Kharif,851.4,2322.8,11143.9,4.8
Kerala,Sugarcane,Kharif,865.7,1896.0,165687.0,87.39
Odisha,Cotton,Kharif,771.2,1039.2,2923.9,2.81
Mizoram,Sugarcane,Kharif,724.1,2418.2,193008.2,79.82
Arunachal Pradesh,Soybean,Kharif,878.9,3588.5,8396.6,2.34
Mizoram,Barley,Rabi,369.4,2070.4,6572.6,3.17
Uttarakhand,Barley,Rabi,591.7,4297.1,13080.0,3.04
Manipur,Soybean,Kharif,605.8,3503.9,6547.8,1.87
Arunachal Pradesh,Cotton,Kharif,713.6,2436.6,6890.2,2.83
Haryana,Groundnut,Kharif,729.1,3782.7,9436.1,2.49
Odisha,Barley,Rabi,315.0,380.9,1109.9,2.91
Nagaland,Cotton,Kharif,599.7,3713.6,10668.7,2.87
Uttar Pradesh,Rice,Kharif,1084.2,1575.0,8663.0,5.5
Goa,Soybean,Kharif,712.4,4968.6,11343.7,2.28
Sikkim,Groundnut,Kharif,671.4,1059.7,2320.7,2.19
Goa,Sugarcane,Kharif,1259.8,120.0,10162.1,84.67
Punjab,Sugarcane,Kharif,1137.3,1878.0,155602.4,82.85
Assam,Groundnut,Kharif,846.3,1942.9,4579.1,2.36
Himachal Pradesh,Sugarcane,Kharif,1148.4,2592.5,256024.9,98.76
Nagaland,Groundnut,Kharif,762.8,1688.9,4505.0,2.67
Sikkim,Rice,Kharif,1428.1,999.5,5877.6,5.88
Gujarat,Groundnut,Kharif,702.5,313.4,694.1,2.21
Telangana,Maize,Kharif,530.0,1401.8,4839.6,3.45
Uttar Pradesh,Soybean,Kharif,694.2,1996.6,3902.3,1.95
Tripura,Maize,Kharif,598.5,3085.8,12335.0,4.0
Chhattisgarh,Soybean,Kharif,694.8,2833.0,5957.4,2.1
Meghalaya,Sugarcane,Kharif,962.6,3637.0,343434.7,94.43
Punjab,Barley,Rabi,495.1,2313.2,8454.6,3.65
Bihar,Groundnut,Kharif,663.5,1042.7,2773.2,2.66
Maharashtra,Cotton,Kharif,663.1,1609.3,4682.9,2.91
Himachal Pradesh,Mustard,Rabi,391.7,1729.9,3157.2,1.83
Himachal Pradesh,Potato,Rabi,631.9,2012.5,53677.8,26.67
West Bengal,Potato,Rabi,535.8,3697.3,109223.3,29.54
Kerala,Groundnut,Kharif,620.1,3759.6,9305.3,2.48
Haryana,Groundnut,Kharif,806.7,4154.1,8866.3,2.13
Uttar Pradesh,Cotton,Kharif,568.7,4335.6,10424.2,2.4
Karnataka,Soybean,Kharif,834.8,3458.4,7004.5,2.03
Assam,Barley,Rabi,421.5,2963.3,10601.5,3.58
Goa,Groundnut,Kharif,617.8,2056.1,4484.8,2.18
Jharkhand,Rice,Kharif,1043.0,182.6,987.7,5.41
Odisha,Rice,Kharif,1479.7,3976.6,19505.9,4.91
West Bengal,Groundnut,Kharif,554.0,1919.5,4086.3,2.13
Kerala,Maize,Kharif,692.8,183.3,766.7,4.18
Uttarakhand,Groundnut,Kharif,790.3,3446.6,8832.2,2.56
West Bengal,Maize,Kharif,934.5,4431.0,16792.5,3.79
Nagaland,Mustard,Rabi,337.5,2210.8,3637.2,1.65
Assam,Barley,Rabi,392.5,2001.4,6207.9,3.1
Bihar,Potato,Rabi,701.6,117.0,3739.1,31.97
Bihar,Sugarcane,Kharif,920.3,4896.2,427202.0,87.25
Telangana,Rice,Kharif,1570.7,966.4,5447.7,5.64
Manipur,Rice,Kharif,1397.9,3588.3,18045.5,5.03
Madhya Pradesh,Soybean,Kharif,608.4,1803.4,3048.8,1.69
Uttar Pradesh,Wheat,Rabi,535.2,4104.4,19664.6,4.79
Uttar Pradesh,Groundnut,Kharif,652.1,3535.3,9476.1,2.68
Kerala,Groundnut,Kharif,612.9,4009.2,8836.7,2.2
Andhra Pradesh,Groundnut,Kharif,639.2,3517.7,7940.8,2.26
West Bengal,Rice,Kharif,1576.3,2212.3,12800.0,5.79
Goa,Rice,Kharif,1301.4,3946.3,21931.2,5.56
Sikkim,Soybean,Kharif,775.1,3584.0,8673.3,2.42
Sikkim,Soybean,Kharif,778.6,1528.6,3673.3,2.4
Nagaland,Potato,Rabi,613.5,3322.6,88970.9,26.78
Manipur,Barley,Rabi,546.1,4237.6,12806.1,3.02
Madhya Pradesh,Cotton,Kharif,674.1,3309.8,10258.5,3.1
Maharashtra,Rice,Kharif,1220.6,1614.4,7904.1,4.9
Chhattisgarh,Groundnut,Kharif,578.2,857.1,2222.7,2.59
Assam,Barley,Rabi,428.5,3459.1,11868.9,3.43
Jharkhand,Wheat,Rabi,790.9,4543.7,20156.1,4.44
Gujarat,Maize,Kharif,666.6,2981.4,13682.2,4.59
Bihar,Wheat,Rabi,653.7,1166.0,6874.5,5.9
Tripura,Wheat,Rabi,720.3,2023.3,9653.7,4.77
Nagaland,Sugarcane,Kharif,1469.3,2241.2,193858.5,86.5
West Bengal,Sugarcane,Kharif,1437.9,225.0,20808.0,92.49
Haryana,Maize,Kharif,581.2,3555.9,15654.0,4.4
Goa,Barley,Rabi,362.2,3485.6,12055.0,3.46
Karnataka,Potato,Rabi,799.9,2201.3,57818.1,26.27
Sikkim,Sugarcane,Kharif,1599.6,1546.9,135077.2,87.32
Karnataka,Rice,Kharif,1242.4,4048.8,20507.9,5.07
Mizoram,Cotton,Kharif,797.0,2509.4,7844.3,3.13
Sikkim,Cotton,Kharif,971.4,4840.4,11753.5,2.43
Uttar Pradesh,Potato,Rabi,591.0,959.3,25355.2,26.43
Tripura,Mustard,Rabi,524.6,4248.5,6622.2,1.56
Karnataka,Maize,Kharif,517.6,1629.6,5924.7,3.64
Sikkim,Sugarcane,Kharif,920.0,1399.9,122589.9,87.57
Madhya Pradesh,Rice,Kharif,1731.9,2843.2,13939.5,4.9
Telangana,Maize,Kharif,685.7,1670.1,7756.6,4.64
Uttar Pradesh,Soybean,Kharif,711.7,4502.6,8258.7,1.83
Tamil Nadu,Cotton,Kharif,631.7,1818.1,4814.5,2.65
Sikkim,Cotton,Kharif,695.7,2568.3,8236.5,3.21
Haryana,Sugarcane,Kharif,1173.2,2744.8,236312.8,86.09
Nagaland,Potato,Rabi,539.9,660.2,21691.4,32.85
Manipur,Potato,Rabi,786.6,3623.4,95299.1,26.3
Maharashtra,Barley,Rabi,573.7,2060.0,5969.8,2.9
Tripura,Potato,Rabi,755.4,2674.1,67111.4,25.1
Kerala,Barley,Rabi,481.7,1228.5,4425.0,3.6
Nagaland,Wheat,Rabi,730.3,2867.6,13829.6,4.82
Chhattisgarh,Sugarcane,Kharif,1556.7,4486.2,350456.3,78.12
Mizoram,Cotton,Kharif,986.2,2658.6,6593.0,2.48
Tripura,Barley,Rabi,415.9,3019.8,10498.0,3.48
Bihar,Wheat,Rabi,610.7,4170.8,25233.6,6.05
Tamil Nadu,Mustard,Rabi,324.4,3278.8,4913.9,1.5
Mizoram,Soybean,Kharif,883.0,547.7,1143.8,2.09
Tamil Nadu,Sugarcane,Kharif,1175.5,4768.5,464251.2,97.36
Odisha,Sugarcane,Kharif,864.0,3710.8,361003.6,97.28
Bihar,Potato,Rabi,783.5,3527.1,102097.0,28.95
West Bengal,Barley,Rabi,305.8,590.4,1646.6,2.79
Gujarat,Potato,Rabi,467.6,4319.5,127864.7,29.6
Uttarakhand,Cotton,Kharif,582.0,3452.2,9684.1,2.81
Sikkim,Cotton,Kharif,513.7,1050.7,2262.7,2.15
Nagaland,Sugarcane,Kharif,912.6,4726.9,394802.0,83.52
Manipur,Barley,Rabi,456.6,2111.9,7814.9,3.7
Sikkim,Cotton,Kharif,668.4,1074.7,3014.3,2.8
Telangana,Maize,Kharif,980.9,514.8,1930.0,3.75
Kerala,Rice,Kharif,1406.9,2206.3,11925.5,5.41
Andhra Pradesh,Wheat,Rabi,795.7,3608.9,16305.2,4.52
Arunachal Pradesh,Cotton,Kharif,740.2,2222.8,6034.3,2.71
Telangana,Rice,Kharif,1337.9,4508.5,26701.0,5.92
Punjab,Potato,Rabi,565.6,2832.9,81085.9,28.62
Odisha,Potato,Rabi,549.4,2958.0,90738.6,30.68
Chhattisgarh,Sugarcane,Kharif,1769.9,4384.8,377638.6,86.13
Meghalaya,Potato,Rabi,485.9,2120.1,55648.3,26.25
Kerala,Barley,Rabi,446.9,1522.3,5273.0,3.46
Punjab,Wheat,Rabi,676.2,2776.9,13672.2,4.92
Himachal Pradesh,Cotton,Kharif,705.5,4459.1,13969.6,3.13
Uttar Pradesh,Wheat,Rabi,471.0,1059.8,5003.9,4.72
Bihar,Maize,Kharif,805.9,1260.2,5689.4,4.51
Uttar Pradesh,Cotton,Kharif,816.6,3874.6,11593.7,2.99
Nagaland,Cotton,Kharif,835.1,4748.2,13983.8,2.95
Rajasthan,Soybean,Kharif,948.4,1179.6,2146.2,1.82
Chhattisgarh,Barley,Rabi,375.1,2717.1,8939.1,3.29
Madhya Pradesh,Groundnut,Kharif,791.7,297.2,769.5,2.59
Madhya Pradesh,Soybean,Kharif,885.4,2940.8,5250.1,1.79
Bihar,Soybean,Kharif,752.0,3614.1,7041.8,1.95
Punjab,Rice,Kharif,1107.0,3503.9,15976.8,4.56
Nagaland,Soybean,Kharif,943.3,3919.2,7799.6,1.99
Uttarakhand,Cotton,Kharif,969.2,4739.7,13176.7,2.78
Gujarat,Barley,Rabi,511.7,127.9,442.8,3.46
Himachal Pradesh,Rice,Kharif,1295.3,4518.2,22380.4,4.95
Kerala,Potato,Rabi,428.6,4732.7,116251.9,24.56
Manipur,Maize,Kharif,705.1,3816.2,16213.9,4.25
Sikkim,Maize,Kharif,597.6,372.3,1641.2,4.41
Uttarakhand,Maize,Kharif,553.9,1673.6,5726.0,3.42
Mizoram,Cotton,Kharif,674.1,1007.1,3123.2,3.1
Nagaland,Rice,Kharif,1091.9,2293.0,11699.1,5.1
Gujarat,Mustard,Rabi,459.6,2991.5,5086.9,1.7
Bihar,Rice,Kharif,1261.9,250.2,1256.6,5.02
Punjab,Rice,Kharif,1025.1,820.7,3673.4,4.48
Sikkim,Mustard,Rabi,389.4,1885.9,3594.5,1.91
Himachal Pradesh,Barley,Rabi,421.2,2036.0,7167.3,3.52
Meghalaya,Potato,Rabi,419.9,3512.1,97375.3,27.73
Jharkhand,Potato,Rabi,554.9,3251.2,99561.1,30.62
Rajasthan,Wheat,Rabi,579.7,4230.8,25042.0,5.92
Tamil Nadu,Mustard,Rabi,571.3,2575.1,3959.3,1.54
Tripura,Wheat,Rabi,726.5,4977.7,24901.9,5.0
Nagaland,Soybean,Kharif,605.2,2955.5,5564.6,1.88
Sikkim,Potato,Rabi,780.4,988.3,26711.8,27.03
Tripura,Soybean,Kharif,689.1,1167.3,2717.6,2.33
Maharashtra,Groundnut,Kharif,767.1,4786.8,12919.7,2.7
Haryana,Wheat,Rabi,660.2,4832.6,24297.4,5.03
Sikkim,Wheat,Rabi,533.4,1159.2,6130.0,5.29
Arunachal Pradesh,Groundnut,Kharif,835.9,4079.0,9892.0,2.43
Manipur,Wheat,Rabi,552.7,3529.9,20047.6,5.68
Andhra Pradesh,Cotton,Kharif,731.0,218.3,720.4,3.3
Gujarat,Cotton,Kharif,781.8,905.4,2581.3,2.85
Gujarat,Barley,Rabi,519.0,2260.9,7886.6,3.49
Sikkim,Sugarcane,Kharif,1785.1,2132.6,195077.4,91.47
Haryana,Cotton,Kharif,633.8,967.6,2489.7,2.57
Mizoram,Soybean,Kharif,769.8,2450.4,5929.9,2.42
Uttar Pradesh,Potato,Rabi,749.5,1092.8,28340.2,25.93
Chhattisgarh,Soybean,Kharif,764.3,421.7,1016.4,2.41
Karnataka,Maize,Kharif,568.1,3993.5,16724.3,4.19
Kerala,Potato,Rabi,475.9,4788.7,132034.3,27.57
Uttarakhand,Potato,Rabi,546.5,3805.5,111981.2,29.43
Jharkhand,Soybean,Kharif,885.1,4488.6,10125.3,2.26
Rajasthan,Groundnut,Kharif,577.6,2523.1,6302.8,2.5
Chhattisgarh,Maize,Kharif,785.0,2637.8,11794.2,4.47
Mizoram,Sugarcane,Kharif,1684.3,2646.0,227460.9,85.96
Maharashtra,Barley,Rabi,494.8,2704.5,8131.1,3.01
Himachal Pradesh,Potato,Rabi,733.3,4555.4,125991.5,27.66
Gujarat,Wheat,Rabi,735.2,4576.8,22730.3,4.97
Kerala,Maize,Kharif,782.0,1565.2,7224.3,4.62
Assam,Maize,Kharif,549.0,2946.1,10526.8,3.57
Maharashtra,Potato,Rabi,626.7,1790.7,52342.4,29.23
Andhra Pradesh,Soybean,Kharif,953.0,4963.4,8642.6,1.74
Telangana,Potato,Rabi,455.0,1054.7,27613.0,26.18
Tripura,Barley,Rabi,381.2,3448.9,12373.3,3.59
Arunachal Pradesh,Cotton,Kharif,938.2,3535.8,8789.9,2.49
Kerala,Soybean,Kharif,777.2,2829.8,6713.4,2.37
Sikkim,Mustard,Rabi,333.7,2409.0,3412.9,1.42
Uttar Pradesh,Barley,Rabi,532.1,1773.8,6131.4,3.46
Haryana,Maize,Kharif,990.2,3076.5,11407.8,3.71
Manipur,Maize,Kharif,538.3,3025.3,12068.7,3.99
Kerala,Barley,Rabi,342.9,783.8,2592.5,3.31
Goa,Groundnut,Kharif,899.7,3783.9,8173.2,2.16
Andhra Pradesh,Cotton,Kharif,710.9,4001.8,12823.0,3.2
Tamil Nadu,Groundnut,Kharif,714.5,1299.2,3117.1,2.4
Andhra Pradesh,Soybean,Kharif,604.0,430.4,802.1,1.86
Rajasthan,Potato,Rabi,788.9,2021.8,51545.8,25.49
Maharashtra,Potato,Rabi,704.9,2037.4,55786.6,27.38
Kerala,Wheat,Rabi,627.6,4886.4,28168.3,5.76
Telangana,Soybean,Kharif,816.0,901.8,1991.4,2.21
Kerala,Sugarcane,Kharif,1559.9,4969.0,431375.1,86.81
Punjab,Rice,Kharif,1316.9,3769.3,19761.6,5.24
Jharkhand,Maize,Kharif,850.1,462.8,2223.9,4.81
Chhattisgarh,Rice,Kharif,1080.5,2764.9,15042.4,5.44
Meghalaya,Groundnut,Kharif,823.3,2717.8,5873.2,2.16
Tamil Nadu,Sugarcane,Kharif,972.9,1143.6,108181.5,94.6
Mizoram,Wheat,Rabi,684.7,4237.2,25440.0,6.0
Uttar Pradesh,Mustard,Rabi,549.7,2892.3,4324.9,1.5
Andhra Pradesh,Barley,Rabi,380.6,2286.0,7569.1,3.31
Andhra Pradesh,Maize,Kharif,611.7,2319.6,10630.3,4.58
Chhattisgarh,Potato,Rabi,509.1,535.0,16641.8,31.1
Meghalaya,Soybean,Kharif,945.5,1369.7,2633.8,1.92
Andhra Pradesh,Barley,Rabi,568.2,2998.3,8441.7,2.82
Manipur,Mustard,Rabi,473.7,2770.7,4654.6,1.68
Bihar,Mustard,Rabi,437.8,4608.9,8787.6,1.91
Arunachal Pradesh,Rice,Kharif,1187.3,2752.0,14280.7,5.19
Andhra Pradesh,Mustard,Rabi,531.8,783.4,1366.6,1.74
Haryana,Rice,Kharif,1140.2,1420.6,6974.0,4.91
Maharashtra,Mustard,Rabi,400.7,3934.9,6145.4,1.56
Meghalaya,Potato,Rabi,765.6,1726.8,52224.3,30.24
Telangana,Barley,Rabi,544.6,2488.0,7351.1,2.95
Arunachal Pradesh,Wheat,Rabi,486.3,1250.7,6227.6,4.98
Maharashtra,Soybean,Kharif,739.6,4282.7,8388.1,1.96
Telangana,Mustard,Rabi,547.8,1920.6,2761.8,1.44
Assam,Rice,Kharif,1106.0,1087.9,5081.3,4.67
Tripura,Groundnut,Kharif,559.4,2247.7,4626.9,2.06
Tripura,Cotton,Kharif,537.9,1521.0,3832.4,2.52
Telangana,Mustard,Rabi,572.5,1848.8,2838.3,1.54
Goa,Mustard,Rabi,539.5,500.9,832.6,1.66
Kerala,Cotton,Kharif,946.3,3151.7,8255.9,2.62
Nagaland,Rice,Kharif,1394.2,756.2,4098.0,5.42
West Bengal,Potato,Rabi,549.5,4380.0,132950.6,30.35
Manipur,Mustard,Rabi,465.0,2567.4,4287.8,1.67
Bihar,Groundnut,Kharif,596.0,1978.8,4577.1,2.31
Tripura,Potato,Rabi,690.0,933.2,29680.6,31.8
Gujarat,Wheat,Rabi,491.8,1850.5,8297.8,4.48
Jharkhand,Maize,Kharif,955.6,1931.4,6922.9,3.58
Karnataka,Cotton,Kharif,911.6,3994.8,10870.9,2.72
Uttarakhand,Barley,Rabi,488.3,4440.3,14936.2,3.36
Chhattisgarh,Potato,Rabi,671.8,1589.9,42660.8,26.83
Jharkhand,Rice,Kharif,1672.8,1977.4,9471.8,4.79
Maharashtra,Cotton,Kharif,532.6,2915.1,6548.0,2.25
Mizoram,Soybean,Kharif,801.0,4149.9,9017.2,2.17
Madhya Pradesh,Sugarcane,Kharif,1594.4,2491.7,222464.7,89.28
Maharashtra,Mustard,Rabi,398.2,4624.0,8515.5,1.84
Telangana,Wheat,Rabi,518.8,3964.6,18904.1,4.77
Tamil Nadu,Barley,Rabi,474.9,3675.2,12532.1,3.41
Jharkhand,Wheat,Rabi,477.3,2801.7,12990.1,4.64
Tripura,Maize,Kharif,954.3,2342.7,8961.3,3.83
Jharkhand,Mustard,Rabi,322.8,1524.4,2074.2,1.36
Uttarakhand,Cotton,Kharif,890.8,1738.9,4807.3,2.76
Assam,Wheat,Rabi,779.6,2309.3,11028.3,4.78
Gujarat,Soybean,Kharif,935.2,3066.7,6664.7,2.17
Kerala,Soybean,Kharif,890.1,840.5,1649.6,1.96
West Bengal,Cotton,Kharif,767.8,2412.7,7223.7,2.99
Gujarat,Cotton,Kharif,976.4,2612.0,5732.9,2.19
Tamil Nadu,Mustard,Rabi,321.3,3734.3,5545.3,1.48
West Bengal,Sugarcane,Kharif,1006.5,1046.6,90686.0,86.65
Rajasthan,Maize,Kharif,684.5,1904.0,9424.6,4.95
Odisha,Cotton,Kharif,975.3,4657.2,10285.9,2.21
Tamil Nadu,Potato,Rabi,633.5,1012.9,32518.5,32.1
Rajasthan,Maize,Kharif,525.3,2534.5,10258.2,4.05
Telangana,Barley,Rabi,339.2,231.8,685.3,2.96
Tamil Nadu,Mustard,Rabi,541.7,4487.7,8329.0,1.86
Sikkim,Wheat,Rabi,622.0,2385.4,12148.6,5.09
Chhattisgarh,Potato,Rabi,652.6,655.9,21581.8,32.9
Bihar,Maize,Kharif,586.9,4394.8,17595.7,4.0
Chhattisgarh,Sugarcane,Kharif,1324.0,3890.0,346656.7,89.12
Uttar Pradesh,Sugarcane,Kharif,1011.8,2447.6,202941.9,82.92
Tamil Nadu,Rice,Kharif,1440.6,3292.6,19146.4,5.82
Goa,Groundnut,Kharif,501.3,1176.5,2084.6,1.77
Arunachal Pradesh,Maize,Kharif,576.8,4235.8,15975.4,3.77
Tamil Nadu,Barley,Rabi,517.5,4649.3,15486.6,3.33
Haryana,Groundnut,Kharif,606.7,267.7,561.1,2.1
Uttarakhand,Barley,Rabi,525.8,4645.6,15615.2,3.36
Gujarat,Potato,Rabi,451.9,1959.5,47892.2,24.44
Bihar,Wheat,Rabi,516.9,2507.0,13068.5,5.21
Manipur,Mustard,Rabi,502.8,4558.4,8559.8,1.88
Andhra Pradesh,Groundnut,Kharif,577.1,2132.0,4796.7,2.25
Meghalaya,Barley,Rabi,542.0,2939.6,9268.5,3.15
Uttar Pradesh,Sugarcane,Kharif,1278.6,2430.2,201163.6,82.78
Himachal Pradesh,Cotton,Kharif,837.4,454.6,1388.0,3.05
Maharashtra,Wheat,Rabi,676.5,1675.6,9311.8,5.56
Jharkhand,Wheat,Rabi,781.0,3010.3,15697.3,5.21
Meghalaya,Wheat,Rabi,721.1,2537.4,13656.4,5.38
Tamil Nadu,Mustard,Rabi,378.3,2553.6,4005.3,1.57
Goa,Groundnut,Kharif,749.7,2012.5,4500.0,2.24
Nagaland,Potato,Rabi,439.2,413.6,12357.6,29.88
Telangana,Cotton,Kharif,680.5,4406.5,13452.9,3.05
Chhattisgarh,Groundnut,Kharif,603.2,341.8,907.9,2.66
Gujarat,Mustard,Rabi,458.3,1385.9,2405.1,1.74
Maharashtra,Cotton,Kharif,853.2,787.8,1936.7,2.46
Andhra Pradesh,Wheat,Rabi,524.0,4366.7,21204.4,4.86
Meghalaya,Mustard,Rabi,492.2,1105.7,1886.7,1.71
Goa,Soybean,Kharif,882.1,1484.3,2900.1,1.95
Himachal Pradesh,Soybean,Kharif,908.4,1261.6,2390.9,1.9
Andhra Pradesh,Groundnut,Kharif,742.4,1361.5,3118.1,2.29
Madhya Pradesh,Mustard,Rabi,362.7,2358.3,3802.0,1.61
Manipur,Mustard,Rabi,365.9,879.4,1615.5,1.84
Telangana,Sugarcane,Kharif,1386.8,1868.7,163655.9,87.58
Tripura,Groundnut,Kharif,816.4,4689.2,10135.3,2.16
Sikkim,Mustard,Rabi,557.0,416.8,593.1,1.42
Telangana,Cotton,Kharif,523.6,398.2,854.6,2.15
Goa,Mustard,Rabi,523.8,2287.0,3601.0,1.57
Mizoram,Maize,Kharif,856.6,4682.2,21017.3,4.49
Gujarat,Maize,Kharif,904.3,1517.4,5982.4,3.94
Telangana,Soybean,Kharif,665.5,3365.7,6434.7,1.91
Maharashtra,Barley,Rabi,324.6,3813.4,11129.4,2.92
West Bengal,Soybean,Kharif,885.2,1489.5,2988.0,2.01
Gujarat,Mustard,Rabi,413.9,4021.5,6795.9,1.69
West Bengal,Soybean,Kharif,667.8,1713.4,3681.1,2.15
Punjab,Rice,Kharif,1787.2,1011.6,4898.2,4.84
Maharashtra,Sugarcane,Kharif,1129.6,889.3,92467.1,103.98
Nagaland,Soybean,Kharif,762.1,3814.2,8203.9,2.15
Telangana,Potato,Rabi,439.0,4772.0,124477.8,26.09
Uttar Pradesh,Soybean,Kharif,855.9,4858.6,11757.9,2.42
Goa,Soybean,Kharif,909.1,1866.1,3801.7,2.04
Sikkim,Groundnut,Kharif,513.3,3055.5,5963.2,1.95
Punjab,Rice,Kharif,1274.9,2875.6,17397.5,6.05
Madhya Pradesh,Cotton,Kharif,951.0,2071.3,6027.5,2.91
Jharkhand,Wheat,Rabi,616.8,3808.6,19949.4,5.24
Karnataka,Sugarcane,Kharif,981.5,1750.8,149842.3,85.59
Andhra Pradesh,Soybean,Kharif,971.2,1899.8,3495.8,1.84
Meghalaya,Groundnut,Kharif,502.2,2086.1,4697.8,2.25
Karnataka,Soybean,Kharif,674.0,2821.5,5102.7,1.81
Sikkim,Barley,Rabi,536.1,2171.5,7361.4,3.39
Tripura,Rice,Kharif,1653.9,2858.5,12344.5,4.32
Andhra Pradesh,Rice,Kharif,1179.4,3407.8,18101.9,5.31
Arunachal Pradesh,Cotton,Kharif,544.7,1624.7,4411.7,2.72
Telangana,Cotton,Kharif,659.3,3439.2,8714.3,2.53
Andhra Pradesh,Maize,Kharif,561.7,2280.1,8981.3,3.94
Rajasthan,Barley,Rabi,336.7,1689.6,5178.8,3.07
West Bengal,Soybean,Kharif,623.8,905.4,1518.6,1.68
Chhattisgarh,Barley,Rabi,318.8,358.2,1153.6,3.22
Maharashtra,Groundnut,Kharif,807.0,1172.0,2412.7,2.06
Odisha,Mustard,Rabi,576.5,1976.8,2791.1,1.41
Rajasthan,Soybean,Kharif,682.7,4313.5,8398.6,1.95
Gujarat,Barley,Rabi,567.9,3068.7,8120.1,2.65
Karnataka,Sugarcane,Kharif,811.8,3446.9,302477.3,87.75
Assam,Rice,Kharif,939.2,1395.4,6240.1,4.47
Maharashtra,Mustard,Rabi,354.7,1451.1,2254.0,1.55
Madhya Pradesh,Potato,Rabi,457.2,1591.0,45265.6,28.45
Madhya Pradesh,Potato,Rabi,602.6,3271.3,93392.9,28.55
Uttarakhand,Groundnut,Kharif,768.7,4015.0,10146.4,2.53
Gujarat,Soybean,Kharif,670.0,4372.7,9144.6,2.09
West Bengal,Rice,Kharif,1231.0,1131.9,6691.5,5.91
Haryana,Sugarcane,Kharif,723.3,1398.8,105915.4,75.72
Tamil Nadu,Sugarcane,Kharif,1362.9,3251.5,339778.9,104.5
Andhra Pradesh,Sugarcane,Kharif,1122.1,997.6,93662.3,93.88
Sikkim,Barley,Rabi,516.9,833.5,2789.4,3.35
Madhya Pradesh,Sugarcane,Kharif,1007.6,717.6,59901.5,83.48
Bihar,Barley,Rabi,518.2,3919.2,13934.2,3.56
West Bengal,Groundnut,Kharif,603.1,2444.6,5599.0,2.29
Manipur,Sugarcane,Kharif,1027.1,4185.4,394939.4,94.36
Arunachal Pradesh,Soybean,Kharif,789.9,1045.5,2218.5,2.12
Bihar,Groundnut,Kharif,721.3,575.4,1475.2,2.56
Kerala,Sugarcane,Kharif,1062.5,2563.3,267863.7,104.5
Odisha,Groundnut,Kharif,861.5,3246.1,6033.8,1.86
Odisha,Cotton,Kharif,512.9,2795.6,6316.5,2.26
Kerala,Wheat,Rabi,712.4,2735.3,14783.2,5.4
Bihar,Potato,Rabi,797.8,557.0,13985.7,25.11
Haryana,Soybean,Kharif,702.0,4718.8,9738.5,2.06
Sikkim,Sugarcane,Kharif,988.1,2386.7,207085.8,86.77
Arunachal Pradesh,Cotton,Kharif,916.7,3837.6,9618.8,2.51
Punjab,Sugarcane,Kharif,1637.7,4953.8,426563.8,86.11
Meghalaya,Wheat,Rabi,550.6,1438.5,7585.0,5.27
Uttar Pradesh,Wheat,Rabi,580.6,2541.9,14664.5,5.77
Manipur,Barley,Rabi,451.1,2728.3,9167.4,3.36
Uttarakhand,Maize,Kharif,508.2,3173.1,11891.2,3.75
Karnataka,Maize,Kharif,695.9,2145.3,9403.2,4.38
Rajasthan,Barley,Rabi,405.1,883.2,2749.9,3.11
Assam,Wheat,Rabi,753.9,1451.2,7614.5,5.25
Bihar,Maize,Kharif,618.6,641.9,2460.6,3.83
Chhattisgarh,Maize,Kharif,590.7,2346.2,8875.3,3.78
Tamil Nadu,Sugarcane,Kharif,1202.4,4816.0,456465.4,94.78
Assam,Wheat,Rabi,556.9,325.8,1797.0,5.52
Odisha,Wheat,Rabi,702.1,652.6,3234.6,4.96
Rajasthan,Maize,Kharif,624.8,1429.9,5220.4,3.65
Karnataka,Potato,Rabi,753.3,1914.2,51584.2,26.95
Odisha,Potato,Rabi,726.6,4150.1,115141.0,27.74
Goa,Mustard,Rabi,326.9,1998.0,3147.9,1.58
Nagaland,Potato,Rabi,481.8,4415.7,136244.0,30.85
Mizoram,Barley,Rabi,548.6,3324.1,9920.4,2.98
Tripura,Barley,Rabi,502.2,4797.2,16580.6,3.46
West Bengal,Groundnut,Kharif,846.3,1894.2,3913.8,2.07
Jharkhand,Sugarcane,Kharif,1075.5,1083.8,95800.2,88.39
Bihar,Cotton,Kharif,671.9,1275.2,3952.0,3.1
Meghalaya,Soybean,Kharif,747.7,3508.5,8212.2,2.34
West Bengal,Groundnut,Kharif,689.9,166.2,433.2,2.61
Gujarat,Potato,Rabi,671.7,4626.8,150746.3,32.58
West Bengal,Cotton,Kharif,747.3,158.2,495.6,3.13
Sikkim,Wheat,Rabi,527.1,2409.0,12745.6,5.29
Bihar,Rice,Kharif,1389.6,2019.5,9550.3,4.73
Jharkhand,Soybean,Kharif,959.3,4278.6,7627.7,1.78
Rajasthan,Cotton,Kharif,984.1,4770.2,11662.9,2.44
Arunachal Pradesh,Wheat,Rabi,757.2,4335.5,22165.2,5.11
Maharashtra,Rice,Kharif,1267.7,4084.9,23632.0,5.79
Gujarat,Potato,Rabi,740.5,846.6,22471.8,26.54
Assam,Sugarcane,Kharif,1583.2,4784.9,429965.5,89.86
Goa,Cotton,Kharif,742.8,1026.0,3385.7,3.3
Sikkim,Cotton,Kharif,765.3,3085.9,9664.1,3.13
Uttarakhand,Mustard,Rabi,320.5,1634.0,2319.3,1.42
Bihar,Potato,Rabi,567.4,1498.1,49436.1,33.0
Uttar Pradesh,Mustard,Rabi,523.0,4358.7,6462.0,1.48
Madhya Pradesh,Cotton,Kharif,572.8,1792.8,4637.5,2.59
Chhattisgarh,Maize,Kharif,820.6,2549.6,10388.5,4.07
Telangana,Mustard,Rabi,490.3,1031.1,1697.3,1.65
Chhattisgarh,Mustard,Rabi,597.4,4992.1,7946.4,1.59
Punjab,Soybean,Kharif,768.0,1247.5,3019.0,2.42
Haryana,Soybean,Kharif,903.8,1829.0,3303.4,1.81
Uttar Pradesh,Cotton,Kharif,687.9,3077.3,8487.1,2.76
Rajasthan,Mustard,Rabi,580.9,4320.3,6199.5,1.43
Gujarat,Groundnut,Kharif,893.0,3698.4,8200.8,2.22
Meghalaya,Maize,Kharif,733.0,2907.4,12473.0,4.29
Jharkhand,Rice,Kharif,1135.2,2622.8,12721.5,4.85
Karnataka,Groundnut,Kharif,796.8,1795.5,4539.6,2.53
Punjab,Cotton,Kharif,965.2,3731.6,8597.4,2.3
Punjab,Maize,Kharif,961.7,584.6,2348.1,4.02
Madhya Pradesh,Rice,Kharif,1511.7,4429.1,21563.7,4.87
Tamil Nadu,Cotton,Kharif,619.9,3092.5,8990.0,2.91
Sikkim,Mustard,Rabi,513.9,637.9,1033.7,1.62
Uttarakhand,Cotton,Kharif,788.7,2266.8,6454.3,2.85
Sikkim,Maize,Kharif,739.9,3851.0,16615.6,4.31
Tripura,Potato,Rabi,405.9,810.5,21485.5,26.51
Punjab,Mustard,Rabi,594.2,4254.9,5608.0,1.32
Telangana,Sugarcane,Kharif,1680.5,3132.6,304468.4,97.19
Telangana,Rice,Kharif,1151.8,1170.4,5925.0,5.06
Bihar,Potato,Rabi,756.3,540.4,14694.0,27.19
Tripura,Potato,Rabi,711.7,1351.2,39911.4,29.54
Maharashtra,Mustard,Rabi,452.9,4306.7,8365.9,1.94
Goa,Mustard,Rabi,456.5,2215.5,3623.0,1.64
Meghalaya,Sugarcane,Kharif,900.2,3300.1,271733.0,82.34
Telangana,Groundnut,Kharif,522.7,1899.7,3704.8,1.95
Uttar Pradesh,Cotton,Kharif,943.6,1959.9,5259.7,2.68
Andhra Pradesh,Maize,Kharif,927.9,538.7,2185.1,4.06
Rajasthan,Soybean,Kharif,956.8,690.6,1377.5,1.99
Uttarakhand,Mustard,Rabi,534.0,4787.3,8090.8,1.69
Chhattisgarh,Barley,Rabi,424.0,2049.2,7305.3,3.56
Telangana,Maize,Kharif,772.1,126.3,505.7,4.01
Goa,Barley,Rabi,513.5,3728.5,13412.4,3.6
Tamil Nadu,Wheat,Rabi,470.1,2298.0,9857.4,4.29
Assam,Sugarcane,Kharif,1015.6,2120.8,204590.9,96.47
Andhra Pradesh,Sugarcane,Kharif,1710.6,4606.1,381055.3,82.73
Telangana,Cotton,Kharif,669.9,683.9,1915.6,2.8
Tamil Nadu,Groundnut,Kharif,739.9,378.1,997.5,2.64
Assam,Rice,Kharif,1559.5,3003.7,16381.9,5.45
Haryana,Barley,Rabi,448.9,3280.4,10503.2,3.2
Karnataka,Cotton,Kharif,732.7,4406.4,14224.2,3.23
Assam,Potato,Rabi,565.6,4628.6,126044.3,27.23
Haryana,Wheat,Rabi,502.9,180.4,1004.5,5.57
Bihar,Soybean,Kharif,993.8,4263.4,7573.6,1.78
Maharashtra,Soybean,Kharif,874.0,2196.1,4401.1,2.0
Punjab,Soybean,Kharif,791.2,4104.0,9867.0,2.4
Uttarakhand,Rice,Kharif,1752.9,3546.6,17284.9,4.87
Karnataka,Barley,Rabi,516.3,2175.5,7139.6,3.28
Tamil Nadu,Cotton,Kharif,809.3,1274.0,3851.2,3.02
Tamil Nadu,Maize,Kharif,875.4,3206.1,13483.2,4.21
Uttar Pradesh,Groundnut,Kharif,744.2,3958.4,10657.5,2.69
Jharkhand,Maize,Kharif,661.6,4005.8,15076.3,3.76
Nagaland,Wheat,Rabi,575.1,3882.1,20999.4,5.41
Uttarakhand,Mustard,Rabi,516.2,573.4,931.8,1.62
Haryana,Rice,Kharif,1509.4,4875.3,27621.3,5.67
Chhattisgarh,Cotton,Kharif,928.0,4440.1,10403.2,2.34
Nagaland,Barley,Rabi,555.4,3878.8,11275.6,2.91
Manipur,Groundnut,Kharif,664.3,3507.2,9378.5,2.67
Odisha,Mustard,Rabi,375.9,3509.9,5655.1,1.61
Haryana,Groundnut,Kharif,648.1,1945.9,4928.5,2.53
Tamil Nadu,Potato,Rabi,606.1,4807.3,146571.6,30.49
Haryana,Cotton,Kharif,572.9,3361.7,9591.1,2.85
Mizoram,Maize,Kharif,740.4,4139.9,16156.7,3.9
Goa,Barley,Rabi,499.6,407.9,1473.7,3.61
Arunachal Pradesh,Mustard,Rabi,520.2,603.0,1019.8,1.69
Himachal Pradesh,Barley,Rabi,511.2,3042.9,10255.1,3.37
Andhra Pradesh,Barley,Rabi,324.6,4314.0,12443.5,2.88
Maharashtra,Cotton,Kharif,650.5,3592.1,11057.2,3.08
Arunachal Pradesh,Barley,Rabi,454.9,2584.9,9281.8,3.59
Tripura,Sugarcane,Kharif,1632.9,2983.9,287921.0,96.49
Meghalaya,Groundnut,Kharif,676.3,1365.9,3694.9,2.71
Bihar,Maize,Kharif,710.8,3057.2,12831.0,4.2
Nagaland,Barley,Rabi,595.8,2044.6,5461.9,2.67
Andhra Pradesh,Wheat,Rabi,533.9,880.1,4310.9,4.9
West Bengal,Rice,Kharif,1614.4,4173.6,21239.3,5.09
Mizoram,Barley,Rabi,358.8,4662.6,16826.1,3.61
Bihar,Mustard,Rabi,519.4,689.8,1170.7,1.7
Andhra Pradesh,Sugarcane,Kharif,1308.6,597.3,62418.6,104.5
Telangana,Cotton,Kharif,912.2,2974.2,8076.6,2.72
Manipur,Groundnut,Kharif,625.9,489.1,1227.3,2.51
Kerala,Potato,Rabi,686.2,3140.7,81795.3,26.04
Himachal Pradesh,Potato,Rabi,519.2,3705.7,98235.7,26.51
Assam,Maize,Kharif,886.4,1053.2,4177.3,3.97
Himachal Pradesh,Potato,Rabi,410.1,3540.9,82898.6,23.41
Manipur,Rice,Kharif,1193.7,3248.5,18073.7,5.56
Uttarakhand,Maize,Kharif,721.6,2228.3,10434.7,4.68
Manipur,Maize,Kharif,944.0,3250.8,13347.4,4.11
Odisha,Barley,Rabi,308.1,264.7,875.8,3.31
Madhya Pradesh,Wheat,Rabi,588.9,1687.2,9027.0,5.35
Tamil Nadu,Sugarcane,Kharif,996.4,2189.7,178699.9,81.61
Sikkim,Mustard,Rabi,592.1,580.8,692.9,1.19
Mizoram,Soybean,Kharif,611.4,3078.5,5786.0,1.88
Andhra Pradesh,Maize,Kharif,760.8,549.6,2561.4,4.66
Punjab,Mustard,Rabi,512.7,4906.0,9413.2,1.92
Uttarakhand,Soybean,Kharif,931.4,1876.2,3706.0,1.98
Uttarakhand,Groundnut,Kharif,513.8,1668.2,3804.7,2.28
Chhattisgarh,Cotton,Kharif,753.8,2021.9,6318.3,3.12
Chhattisgarh,Cotton,Kharif,983.1,3798.0,8126.7,2.14
Assam,Potato,Rabi,748.5,3773.6,106141.2,28.13
Andhra Pradesh,Groundnut,Kharif,612.1,817.8,2048.0,2.5
Bihar,Wheat,Rabi,509.7,3829.0,18155.3,4.74
Goa,Sugarcane,Kharif,1145.9,3537.9,325330.7,91.96
Maharashtra,Cotton,Kharif,691.1,3460.2,9441.9,2.73
Tamil Nadu,Barley,Rabi,338.3,4714.6,15638.6,3.32
Arunachal Pradesh,Groundnut,Kharif,562.9,3390.2,7468.8,2.2
Mizoram,Barley,Rabi,494.7,3535.9,13146.5,3.72
Arunachal Pradesh,Cotton,Kharif,834.7,4859.1,13207.8,2.72
Andhra Pradesh,Soybean,Kharif,853.8,1447.7,3097.9,2.14
Goa,Cotton,Kharif,512.8,2770.5,6515.8,2.35
Manipur,Maize,Kharif,667.3,262.7,1068.9,4.07
Tamil Nadu,Potato,Rabi,600.6,1727.3,51632.5,29.89
Himachal Pradesh,Wheat,Rabi,706.8,2001.8,11590.9,5.79
Punjab,Maize,Kharif,614.7,1290.8,5589.9,4.33
Uttar Pradesh,Mustard,Rabi,375.7,1003.9,1947.2,1.94
West Bengal,Wheat,Rabi,757.8,4340.1,22343.0,5.15
Chhattisgarh,Barley,Rabi,429.2,1695.3,6499.8,3.83
Odisha,Mustard,Rabi,409.0,279.4,457.1,1.64
Karnataka,Soybean,Kharif,971.6,2793.5,4561.7,1.63
Mizoram,Sugarcane,Kharif,1109.7,3801.2,358099.4,94.21
Assam,Wheat,Rabi,553.7,4119.1,21290.5,5.17
Punjab,Soybean,Kharif,724.0,2227.3,4791.6,2.15
Arunachal Pradesh,Potato,Rabi,568.0,1862.7,61470.1,33.0
Sikkim,Cotton,Kharif,729.7,613.9,2025.9,3.3
Sikkim,Sugarcane,Kharif,857.0,3155.5,263521.3,83.51
Sikkim,Soybean,Kharif,812.4,3597.8,8030.9,2.23
Karnataka,Barley,Rabi,528.1,4182.8,13664.6,3.27
Goa,Cotton,Kharif,916.6,4392.5,10207.6,2.32
Nagaland,Barley,Rabi,307.6,1527.1,3775.9,2.47
Nagaland,Wheat,Rabi,774.2,3956.3,17901.0,4.52
Tamil Nadu,Rice,Kharif,1546.8,3932.6,17922.0,4.56
Punjab,Rice,Kharif,1484.2,989.2,5964.7,6.03
Mizoram,Wheat,Rabi,782.3,602.7,2856.9,4.74
Manipur,Potato,Rabi,417.2,2126.7,56789.6,26.7
Telangana,Cotton,Kharif,938.5,2938.4,7932.1,2.7
Haryana,Cotton,Kharif,828.6,3261.8,9579.4,2.94
Kerala,Wheat,Rabi,680.9,4998.2,26056.8,5.21
Assam,Groundnut,Kharif,886.8,3932.1,6987.5,1.78
Andhra Pradesh,Cotton,Kharif,527.3,1838.3,4717.9,2.57
Punjab,Soybean,Kharif,939.6,2223.2,4141.8,1.86
Mizoram,Barley,Rabi,454.5,3121.2,10185.6,3.26
West Bengal,Wheat,Rabi,703.7,1063.9,5828.8,5.48
Maharashtra,Barley,Rabi,367.8,2150.3,6325.9,2.94
Tamil Nadu,Maize,Kharif,770.5,3061.9,15099.8,4.93
Madhya Pradesh,Groundnut,Kharif,645.2,3127.1,8466.6,2.71
Sikkim,Maize,Kharif,930.8,3090.1,12293.6,3.98
Gujarat,Cotton,Kharif,735.1,2870.5,8887.6,3.1
Maharashtra,Wheat,Rabi,463.9,1909.9,8330.9,4.36
Meghalaya,Maize,Kharif,845.7,167.9,746.8,4.45
Odisha,Potato,Rabi,697.2,4918.3,139401.5,28.34
Himachal Pradesh,Potato,Rabi,465.1,2822.8,88013.6,31.18
Bihar,Barley,Rabi,501.6,3828.9,13010.2,3.4
West Bengal,Barley,Rabi,470.4,4366.9,15236.0,3.49
Sikkim,Sugarcane,Kharif,1078.1,2864.8,239132.6,83.47
Karnataka,Groundnut,Kharif,632.5,4694.9,11545.7,2.46
Andhra Pradesh,Cotton,Kharif,579.3,1816.5,5070.6,2.79
Mizoram,Maize,Kharif,799.3,3623.2,16287.6,4.5
Assam,Cotton,Kharif,781.8,871.3,2436.1,2.8
Nagaland,Potato,Rabi,681.2,546.1,15960.1,29.23
West Bengal,Mustard,Rabi,344.2,4968.9,7178.4,1.44
Telangana,Barley,Rabi,534.4,4972.9,17333.7,3.49
Kerala,Potato,Rabi,620.1,3835.2,126561.3,33.0
Jharkhand,Wheat,Rabi,503.4,1544.4,7225.5,4.68
West Bengal,Cotton,Kharif,721.0,2831.8,9104.4,3.22
Gujarat,Barley,Rabi,476.4,1224.7,3912.2,3.19
Haryana,Cotton,Kharif,674.9,2612.8,8622.2,3.3
Kerala,Potato,Rabi,708.1,3992.7,120672.5,30.22
Goa,Barley,Rabi,588.9,4587.1,14890.2,3.25
Karnataka,Cotton,Kharif,942.6,803.2,1897.2,2.36
Gujarat,Rice,Kharif,981.9,3629.5,16087.3,4.43
Kerala,Potato,Rabi,713.0,1698.7,50624.9,29.8
Tripura,Soybean,Kharif,906.1,3518.3,7420.2,2.11
Gujarat,Wheat,Rabi,654.8,2009.4,11935.1,5.94
Madhya Pradesh,Rice,Kharif,1643.7,3051.6,14183.6,4.65
Kerala,Sugarcane,Kharif,1394.5,1251.2,109254.7,87.32
Madhya Pradesh,Cotton,Kharif,508.8,3030.9,7223.2,2.38
Nagaland,Cotton,Kharif,630.3,4557.2,13006.9,2.85
Maharashtra,Soybean,Kharif,851.9,1215.3,2287.2,1.88
Madhya Pradesh,Rice,Kharif,1053.0,2211.6,10643.2,4.81
Andhra Pradesh,Groundnut,Kharif,734.2,4434.2,10841.2,2.44
Odisha,Cotton,Kharif,945.9,4226.1,10967.1,2.6
Rajasthan,Potato,Rabi,714.2,2838.3,75433.3,26.58
Manipur,Maize,Kharif,635.8,2589.6,10855.3,4.19
Chhattisgarh,Rice,Kharif,1246.8,4288.6,21978.2,5.12
Uttarakhand,Wheat,Rabi,648.1,517.7,2455.9,4.74
Odisha,Soybean,Kharif,901.2,2292.9,4897.4,2.14
Nagaland,Cotton,Kharif,831.1,4215.9,10907.8,2.59
Assam,Barley,Rabi,534.2,4517.2,14233.9,3.15
Karnataka,Groundnut,Kharif,584.0,4073.7,8484.3,2.08
Maharashtra,Barley,Rabi,509.6,2089.8,6775.1,3.24
Sikkim,Wheat,Rabi,669.5,1767.9,9796.8,5.54
Odisha,Sugarcane,Kharif,1347.9,2663.1,271409.6,101.92
Sikkim,Groundnut,Kharif,740.9,4706.6,11516.4,2.45
Rajasthan,Mustard,Rabi,591.0,3338.0,4988.1,1.49
Meghalaya,Cotton,Kharif,538.7,4567.7,11956.5,2.62
Chhattisgarh,Wheat,Rabi,532.6,4782.9,24336.2,5.09
Kerala,Potato,Rabi,745.9,4563.9,113209.6,24.81
Goa,Maize,Kharif,566.1,3447.8,15067.8,4.37
Chhattisgarh,Sugarcane,Kharif,1039.1,3075.6,284121.8,92.38
Madhya Pradesh,Mustard,Rabi,415.2,3688.9,6825.1,1.85
Rajasthan,Mustard,Rabi,308.1,4085.9,6737.3,1.65
Haryana,Potato,Rabi,668.0,1786.1,56082.7,31.4
Gujarat,Rice,Kharif,1340.0,1158.6,6254.5,5.4
Uttarakhand,Groundnut,Kharif,893.2,4785.4,10377.1,2.17
West Bengal,Sugarcane,Kharif,1133.1,4533.8,456981.4,100.79
Goa,Mustard,Rabi,315.7,411.2,591.7,1.44
Madhya Pradesh,Maize,Kharif,667.5,1520.3,6945.7,4.57
Punjab,Sugarcane,Kharif,1255.3,4751.9,444519.3,93.54
Uttar Pradesh,Maize,Kharif,861.5,4037.5,17107.3,4.24
Odisha,Barley,Rabi,501.0,241.5,795.8,3.3
Punjab,Cotton,Kharif,799.4,4397.4,14075.6,3.2
Jharkhand,Maize,Kharif,890.7,2835.0,12720.8,4.49
Sikkim,Potato,Rabi,729.5,4336.3,127575.4,29.42
Karnataka,Maize,Kharif,806.8,1235.9,5910.7,4.78
Haryana,Wheat,Rabi,624.9,3307.8,19617.8,5.93
Haryana,Mustard,Rabi,598.6,4312.0,6303.7,1.46
Meghalaya,Rice,Kharif,1790.4,3442.7,15301.1,4.44
Andhra Pradesh,Barley,Rabi,530.2,3058.9,9990.7,3.27
Nagaland,Mustard,Rabi,535.9,4184.5,6880.3,1.64
Tripura,Barley,Rabi,577.9,1945.8,5942.4,3.05
Arunachal Pradesh,Wheat,Rabi,492.2,2331.3,11684.3,5.01
Odisha,Rice,Kharif,1471.2,2825.9,17096.6,6.05
Maharashtra,Cotton,Kharif,534.9,2940.4,6760.0,2.3
Mizoram,Barley,Rabi,323.7,687.3,1981.2,2.88
Rajasthan,Barley,Rabi,380.1,4903.9,17813.9,3.63
Tamil Nadu,Sugarcane,Kharif,1276.0,2564.2,231773.5,90.39
Madhya Pradesh,Groundnut,Kharif,861.5,3436.8,8188.9,2.38
Madhya Pradesh,Rice,Kharif,1156.0,3924.3,18267.1,4.65
Mizoram,Wheat,Rabi,639.0,4583.6,23890.7,5.21
Himachal Pradesh,Soybean,Kharif,959.4,1086.4,1952.5,1.8
Telangana,Soybean,Kharif,841.5,968.6,2050.5,2.12
Karnataka,Mustard,Rabi,422.1,155.4,248.0,1.6
Rajasthan,Sugarcane,Kharif,1661.5,873.6,78261.0,89.58
Maharashtra,Sugarcane,Kharif,929.3,438.3,39702.6,90.59
Kerala,Soybean,Kharif,995.7,4963.6,9386.9,1.89
Uttar Pradesh,Wheat,Rabi,704.6,2602.4,14395.5,5.53
Gujarat,Groundnut,Kharif,524.5,226.1,470.3,2.08
Arunachal Pradesh,Maize,Kharif,661.5,2531.8,10730.7,4.24
Haryana,Mustard,Rabi,300.0,500.4,784.3,1.57
Gujarat,Soybean,Kharif,652.3,257.7,522.2,2.03
Madhya Pradesh,Cotton,Kharif,901.7,4200.4,10303.5,2.45
Tamil Nadu,Barley,Rabi,458.6,932.8,3074.2,3.3
Uttar Pradesh,Barley,Rabi,337.6,754.7,2154.3,2.85
Assam,Maize,Kharif,941.2,4235.4,17420.0,4.11
Uttar Pradesh,Wheat,Rabi,557.2,1650.1,7960.2,4.82
Maharashtra,Mustard,Rabi,534.7,123.4,208.4,1.69
Haryana,Potato,Rabi,751.1,2814.1,67371.3,23.94
Odisha,Sugarcane,Kharif,1496.8,3529.8,312102.1,88.42
Andhra Pradesh,Potato,Rabi,443.4,4774.0,133366.1,27.94
Sikkim,Barley,Rabi,581.4,219.6,713.5,3.25
Meghalaya,Cotton,Kharif,567.1,671.8,1602.7,2.39
Rajasthan,Wheat,Rabi,682.3,796.4,4071.0,5.11
Madhya Pradesh,Soybean,Kharif,735.5,1523.9,3536.0,2.32
West Bengal,Sugarcane,Kharif,1597.9,4733.9,390786.2,82.55
Bihar,Rice,Kharif,1029.6,305.7,1579.3,5.17
Madhya Pradesh,Soybean,Kharif,688.4,1597.5,2885.5,1.81
Meghalaya,Sugarcane,Kharif,1586.2,432.5,41773.2,96.58
Uttar Pradesh,Maize,Kharif,640.1,907.0,4026.8,4.44
Telangana,Sugarcane,Kharif,1523.5,2956.5,287361.5,97.2
Karnataka,Rice,Kharif,1461.8,4115.7,23938.4,5.82
Sikkim,Potato,Rabi,660.4,1700.9,52450.8,30.84
Nagaland,Soybean,Kharif,958.0,4498.7,9342.5,2.08
Manipur,Barley,Rabi,416.3,1951.9,7422.5,3.8
Rajasthan,Soybean,Kharif,980.1,2150.8,4029.8,1.87
Rajasthan,Groundnut,Kharif,676.4,2210.4,5291.5,2.39
Mizoram,Wheat,Rabi,742.9,191.8,1029.3,5.37
Madhya Pradesh,Sugarcane,Kharif,1524.4,2140.3,206129.6,96.31
Arunachal Pradesh,Wheat,Rabi,497.5,4204.1,17877.9,4.25
Haryana,Cotton,Kharif,786.3,3088.0,7898.3,2.56
Andhra Pradesh,Maize,Kharif,853.1,1094.9,5354.6,4.89
West Bengal,Sugarcane,Kharif,1622.3,666.8,60298.3,90.43
Assam,Wheat,Rabi,616.4,1921.8,11221.5,5.84
Assam,Wheat,Rabi,675.5,1809.6,10358.7,5.72
Karnataka,Sugarcane,Kharif,781.1,4989.7,374994.3,75.15
Bihar,Sugarcane,Kharif,1361.3,1649.9,172416.1,104.5
Mizoram,Potato,Rabi,694.9,561.8,15713.9,27.97
Himachal Pradesh,Wheat,Rabi,520.7,4811.5,26878.7,5.59
Gujarat,Groundnut,Kharif,531.2,3514.4,7464.4,2.12
Manipur,Maize,Kharif,587.5,3067.8,13162.7,4.29
Karnataka,Sugarcane,Kharif,1627.1,126.2,12375.8,98.07
Manipur,Sugarcane,Kharif,1155.7,3785.9,323102.8,85.34
Punjab,Mustard,Rabi,333.3,3987.8,5665.8,1.42
Sikkim,Sugarcane,Kharif,1338.8,2691.3,266329.0,98.96
Tamil Nadu,Sugarcane,Kharif,1267.8,727.0,74449.2,102.4
Maharashtra,Cotton,Kharif,673.9,4641.3,14864.5,3.2
Bihar,Wheat,Rabi,761.9,2595.1,11902.5,4.59
Tripura,Rice,Kharif,1020.0,3033.5,14535.4,4.79
Telangana,Groundnut,Kharif,830.4,2873.5,6130.8,2.13
Arunachal Pradesh,Wheat,Rabi,655.6,3232.6,16399.7,5.07
Nagaland,Sugarcane,Kharif,1351.5,2244.7,212297.5,94.58
Madhya Pradesh,Wheat,Rabi,508.1,3512.1,16050.0,4.57
Uttarakhand,Maize,Kharif,531.9,3039.2,12428.4,4.09
Karnataka,Groundnut,Kharif,787.9,2663.4,6439.8,2.42
Uttarakhand,Rice,Kharif,1728.9,4797.6,21764.3,4.54
Madhya Pradesh,Rice,Kharif,1593.2,3609.2,16734.4,4.64
Jharkhand,Soybean,Kharif,891.9,278.2,609.3,2.19
Tamil Nadu,Groundnut,Kharif,746.6,1967.4,5181.8,2.63
Rajasthan,Potato,Rabi,737.0,1327.2,34622.5,26.09
West Bengal,Barley,Rabi,306.6,4657.4,13518.8,2.9
Mizoram,Barley,Rabi,395.6,4672.9,15720.1,3.36
Himachal Pradesh,Cotton,Kharif,909.5,4596.2,13328.2,2.9
Bihar,Barley,Rabi,499.2,4055.1,14397.3,3.55
Manipur,Cotton,Kharif,584.9,4797.3,12484.6,2.6
Karnataka,Mustard,Rabi,393.0,1642.4,2822.5,1.72
Punjab,Wheat,Rabi,755.1,3500.9,18864.7,5.39
Meghalaya,Potato,Rabi,759.0,2174.9,60528.6,27.83
Manipur,Wheat,Rabi,622.9,2245.0,13035.7,5.81
West Bengal,Groundnut,Kharif,546.5,2654.9,6181.2,2.33
Telangana,Mustard,Rabi,573.7,1674.4,2278.3,1.36
Arunachal Pradesh,Soybean,Kharif,696.4,1936.8,4234.6,2.19
Bihar,Rice,Kharif,1165.6,1361.9,6694.0,4.92
Sikkim,Potato,Rabi,420.9,452.3,11501.8,25.43
Sikkim,Rice,Kharif,1674.2,4178.4,23228.2,5.56
Mizoram,Barley,Rabi,392.0,1712.5,6289.4,3.67
Kerala,Maize,Kharif,810.9,1071.7,5304.9,4.95
West Bengal,Barley,Rabi,373.6,3458.7,11265.1,3.26
Nagaland,Potato,Rabi,654.0,1463.0,45554.2,31.14
Nagaland,Maize,Kharif,690.5,3955.0,16486.1,4.17
Rajasthan,Sugarcane,Kharif,1450.2,1817.1,180886.9,99.55
Uttar Pradesh,Groundnut,Kharif,509.8,1544.8,2855.4,1.85
Kerala,Groundnut,Kharif,618.3,1456.7,3221.8,2.21
Meghalaya,Barley,Rabi,485.4,1325.2,4800.0,3.62
Madhya Pradesh,Mustard,Rabi,356.1,2782.2,4653.8,1.67
Jharkhand,Soybean,Kharif,858.6,2970.9,6520.9,2.19
Manipur,Cotton,Kharif,926.4,603.9,1374.4,2.28
Chhattisgarh,Potato,Rabi,635.6,1998.2,65762.9,32.91
Manipur,Groundnut,Kharif,515.6,1831.6,3224.1,1.76
West Bengal,Maize,Kharif,654.6,4626.1,19294.4,4.17
Sikkim,Soybean,Kharif,777.8,4545.2,8966.5,1.97
Kerala,Maize,Kharif,520.6,3716.9,14817.6,3.99
Sikkim,Cotton,Kharif,862.0,1077.3,3050.6,2.83
Manipur,Cotton,Kharif,611.3,121.3,289.2,2.39
West Bengal,Rice,Kharif,1342.4,2116.3,11864.6,5.61
Punjab,Barley,Rabi,366.7,1673.5,5647.4,3.37
Gujarat,Soybean,Kharif,625.4,2621.6,5057.4,1.93
Maharashtra,Sugarcane,Kharif,1610.3,4121.4,356032.4,86.39
Nagaland,Maize,Kharif,778.6,3523.7,16364.8,4.64
Assam,Groundnut,Kharif,673.9,390.8,920.5,2.36
Jharkhand,Mustard,Rabi,317.5,235.0,337.1,1.43
Gujarat,Sugarcane,Kharif,1635.5,528.1,48031.0,90.94
Tamil Nadu,Sugarcane,Kharif,897.3,2033.8,171059.9,84.11
Kerala,Wheat,Rabi,562.6,4325.0,22053.4,5.1
Tripura,Sugarcane,Kharif,1158.1,1510.7,150282.6,99.48
Uttar Pradesh,Sugarcane,Kharif,1063.8,2286.5,193846.5,84.78
Odisha,Maize,Kharif,903.8,1559.5,6722.7,4.31
Meghalaya,Rice,Kharif,1593.0,721.8,3875.9,5.37
Manipur,Soybean,Kharif,986.0,1962.4,3590.2,1.83
Karnataka,Mustard,Rabi,406.2,205.1,382.7,1.87
Uttar Pradesh,Potato,Rabi,684.7,2439.1,71536.9,29.33
Madhya Pradesh,Barley,Rabi,532.1,3504.3,12719.4,3.63
Chhattisgarh,Mustard,Rabi,349.7,4036.2,7006.3,1.74
Meghalaya,Soybean,Kharif,827.4,3301.8,6484.8,1.96
Bihar,Barley,Rabi,317.5,2229.0,5811.7,2.61
Arunachal Pradesh,Mustard,Rabi,350.1,4693.5,7755.0,1.65
Gujarat,Wheat,Rabi,513.0,2102.7,9432.0,4.49
Tamil Nadu,Mustard,Rabi,493.7,3920.7,7229.7,1.84
Haryana,Soybean,Kharif,927.4,4900.4,10523.3,2.15
Assam,Wheat,Rabi,581.3,2057.9,10365.8,5.04
Punjab,Soybean,Kharif,853.1,191.3,417.6,2.18
Punjab,Maize,Kharif,896.8,317.8,1427.2,4.49
Himachal Pradesh,Sugarcane,Kharif,1678.2,1318.1,115219.8,87.41
Assam,Wheat,Rabi,645.3,4049.9,21351.1,5.27
Mizoram,Soybean,Kharif,902.6,959.1,1870.7,1.95
Goa,Potato,Rabi,557.9,1431.2,38026.6,26.57
Haryana,Barley,Rabi,308.3,2660.4,7371.4,2.77
Nagaland,Mustard,Rabi,515.8,4661.3,8479.5,1.82
Nagaland,Mustard,Rabi,427.7,238.0,381.9,1.6
Maharashtra,Rice,Kharif,1410.2,2163.0,11490.6,5.31
Bihar,Potato,Rabi,646.6,4471.2,147153.1,32.91
Manipur,Potato,Rabi,557.1,1965.3,55915.2,28.45
Jharkhand,Rice,Kharif,1174.0,2765.5,13685.6,4.95
Punjab,Rice,Kharif,1643.2,2919.3,14199.9,4.86
Uttar Pradesh,Mustard,Rabi,415.6,1158.3,2280.7,1.97
Assam,Maize,Kharif,517.2,3305.3,10803.8,3.27
Uttar Pradesh,Groundnut,Kharif,638.0,2078.5,5145.9,2.48
Telangana,Maize,Kharif,690.5,4472.2,18233.4,4.08
Manipur,Mustard,Rabi,436.5,4591.0,8815.9,1.92
Punjab,Maize,Kharif,762.1,2439.1,12073.5,4.95
Gujarat,Mustard,Rabi,532.2,149.9,253.7,1.69
Uttarakhand,Barley,Rabi,416.8,4727.5,16698.9,3.53
Tripura,Wheat,Rabi,593.4,3408.6,20550.4,6.03
Manipur,Maize,Kharif,766.6,4091.6,17306.5,4.23
Telangana,Wheat,Rabi,653.1,1722.3,10102.2,5.87
Gujarat,Cotton,Kharif,912.4,701.0,1653.2,2.36
Sikkim,Sugarcane,Kharif,948.9,310.2,30661.7,98.85
Goa,Rice,Kharif,1430.0,4770.4,27869.9,5.84
Rajasthan,Maize,Kharif,880.3,440.4,1846.2,4.19
Jharkhand,Potato,Rabi,684.8,2799.8,85421.2,30.51
Karnataka,Groundnut,Kharif,866.4,2887.0,5947.5,2.06
West Bengal,Cotton,Kharif,567.4,3474.8,8883.5,2.56
Jharkhand,Soybean,Kharif,608.8,2915.3,5670.5,1.95
Uttar Pradesh,Maize,Kharif,767.4,3141.0,13581.2,4.32
Uttarakhand,Potato,Rabi,518.8,1949.4,59825.0,30.69
Himachal Pradesh,Wheat,Rabi,500.3,3538.1,19074.5,5.39
Mizoram,Potato,Rabi,433.4,1522.9,37116.6,24.37
Nagaland,Sugarcane,Kharif,1359.5,1747.5,162109.3,92.77
Rajasthan,Cotton,Kharif,539.4,4489.0,11710.1,2.61
Punjab,Rice,Kharif,1421.4,3102.1,15871.0,5.12
Meghalaya,Groundnut,Kharif,574.2,733.4,1702.3,2.32
Uttar Pradesh,Maize,Kharif,793.8,3669.3,13884.4,3.78
Odisha,Wheat,Rabi,496.3,3654.3,15891.8,4.35
Telangana,Mustard,Rabi,503.2,240.3,403.5,1.68
Punjab,Barley,Rabi,568.6,1245.2,3587.4,2.88
Telangana,Cotton,Kharif,648.5,1279.4,3859.3,3.02
West Bengal,Wheat,Rabi,515.7,2118.6,9435.4,4.45
Manipur,Maize,Kharif,951.5,3925.1,13682.6,3.49
Karnataka,Mustard,Rabi,477.6,2440.6,3789.1,1.55
